address	ghidra_name	emitted_name	status
00401000	DDRAW_GetDisplayMode_00401000	DDRAW_GetDisplayMode_00401000	ghidra
004010a0	DDRAW_Create_004010a0	DDRAW_Create_004010a0	ghidra
004010e0	DDRAW_Destroy_004010e0	DDRAW_Destroy_004010e0	ghidra
00401100	DDRAW_SetResolution_00401100	DDRAW_SetResolution_00401100	ghidra
00401270	FUN_00401270_ChangeVideoMode	FUN_00401270_ChangeVideoMode	ghidra
00401340	FUN_00401340_CalculateWindowRect	FUN_00401340_CalculateWindowRect	ghidra
004013e0	FUN_004013e0_ExitFullscreen_Clean1	FUN_004013e0_ExitFullscreen_Clean1	ghidra
00401720	SND_CreateDirectSoundBuffer_00401720	SND_CreateDirectSoundBuffer_00401720	ghidra
004017d0	SND_FillDirectSoundBuffer_004017d0	SND_FillDirectSoundBuffer_004017d0	ghidra
004018b0	FUN_004018b0_LoadVFX	FUN_004018b0_LoadVFX	ghidra
004019a0	VFX_SetTableEntry_004019a0	VFX_SetTableEntry_004019a0	ghidra
004019c0	FUN_004019c0_Ret1	FUN_004019c0_Ret1	ghidra
004019d0	VFX_DoPlay_004019d0	VFX_DoPlay_004019d0	ghidra
00401ad0	VFX_QueueToLoad_00401ad0	VFX_QueueToLoad_00401ad0	ghidra
00401b00	VFX_IsPlaying_00401b00	VFX_IsPlaying_00401b00	ghidra
00401b40	FreeSFX_00401b40	FreeSFX_00401b40	ghidra
00401b50	SND_PlaySound_00401b50	SND_PlaySound_00401b50	ghidra
00401d00	SND_PlayPreviewSound_00401d00	SND_PlayPreviewSound_00401d00	ghidra
00401df0	SND_LoadSounds_00401df0	SND_LoadSounds_00401df0	ghidra
00401e20	SetSoundEffectVolume_00401e20	SetSoundEffectVolume_00401e20	ghidra
00401e70	SetVoiceVolume_00401e70	SetVoiceVolume_00401e70	ghidra
00401ed0	SetMusicVolume_00401ed0	SetMusicVolume_00401ed0	ghidra
00401f20	SFX_Open_00401f20	SFX_Open_00401f20	ghidra
00401f90	SND_Destroy_00401f90	SND_Destroy_00401f90	ghidra
00401fb0	SND_Init_00401fb0	SND_Init_00401fb0	ghidra
00402080	SND_DeInit_00402080	SND_DeInit_00402080	ghidra
00402140	FUN_00402140_Sound	FUN_00402140_Sound	ghidra
00402400	FUN_00402400_InnerGraphicsTilesMostInner	FUN_00402400_InnerGraphicsTilesMostInner	ghidra
004025b0	FUN_004025b0_DS_Lock	FUN_004025b0_DS_Lock	ghidra
004026d0	SoundThreadCloseMusic_004026d0	SoundThreadCloseMusic_004026d0	ghidra
00402790	FUN_00402790_DS_Readfile	FUN_00402790_DS_Readfile	ghidra
004028b0	FUN_004028b0_DS_Lock2	FUN_004028b0_DS_Lock2	ghidra
00402940	FUN_00402940_LoadMusicInner	FUN_00402940_LoadMusicInner	ghidra
00402a00	SoundThreadOpenMusic_00402a00	SoundThreadOpenMusic_00402a00	ghidra
00402c00	SoundThread_00402c00	SoundThread_00402c00	ghidra
00402e30	FUN_00402e30_MusicUnk	FUN_00402e30_MusicUnk	ghidra
00402e60	FUN_00402e60_ReleaseMusicInner	FUN_00402e60_ReleaseMusicInner	ghidra
00402e70	MUS_QueuePlay_00402e70	MUS_QueuePlay_00402e70	ghidra
00402e90	FUN_00402e90	FUN_00402e90	ghidra
00402eb0	FUN_00402eb0_Return1	FUN_00402eb0_Return1	ghidra
00402ec0	MUS_SetMusicPlaying_00402ec0	MUS_SetMusicPlaying_00402ec0	ghidra
00402f30	MUS_PlayMusic_00402f30	MUS_PlayMusic_00402f30	ghidra
00402f50	MUS_StopMusic_00402f50	MUS_StopMusic_00402f50	ghidra
00402f70	MUS_Stop_00402f70	MUS_Stop_00402f70	ghidra
00402f90	FUN_00402f90_Stub	FUN_00402f90_Stub	ghidra
00402fa0	FUN_00402fa0_GetFrameTimingValue	FUN_00402fa0_GetFrameTimingValue	ghidra
00402fb0	FUN_00402fb0_GEX.wri	FUN_00402fb0_GEX_wri	sanitized
00403030	FUN_00403030_Registry	FUN_00403030_Registry	ghidra
004032a0	FUN_004032a0_WM_COMMAND	FUN_004032a0_WM_COMMAND	ghidra
00403590	(no Ghidra entry)	FUN_00403590	fallback
0040359e	FUN_0040359e	FUN_0040359e	ghidra
004036f0	(no Ghidra entry)	FUN_004036f0	fallback
00403960	WndProc_00403960	WndProc_00403960	ghidra
00404230	DebugVramWndProc_00404230	DebugVramWndProc_00404230	ghidra
00404410	FUN_00404410_LoadAvi_Clean1	FUN_00404410_LoadAvi_Clean1	ghidra
00404440	CloseVideoWindow_00404440	CloseVideoWindow_00404440	ghidra
00404460	FUN_00404460_timeSetEventInner	FUN_00404460_timeSetEventInner	ghidra
004044b0	FUN_004044b0_MoveWindow	FUN_004044b0_MoveWindow	ghidra
004046b0	FUN_004046b0_AVI	FUN_004046b0_AVI	ghidra
00404710	FUN_00404710_Window	FUN_00404710_Window	ghidra
00404890	FUN_00404890_AVIWindow	FUN_00404890_AVIWindow	ghidra
004048e0	FUN_004048e0_Window	FUN_004048e0_Window	ghidra
00404a20	FUN_00404a20_MoveWindow	FUN_00404a20_MoveWindow	ghidra
00404a80	FUN_00404a80_StopMCIMedia	FUN_00404a80_StopMCIMedia	ghidra
00404ab0	FUN_00404ab0_timeSetEvent	FUN_00404ab0_timeSetEvent	ghidra
00404ba0	INPUT_GetActiveKeys_00404ba0	INPUT_GetActiveKeys_00404ba0	ghidra
00404e00	STRING_Load_00404e00	STRING_Load_00404e00	ghidra
00404e40	STRING_Init_00404e40	STRING_Init_00404e40	ghidra
00404f70	FUN_00404f70_PostMessage_Unk	FUN_00404f70_PostMessage_Unk	ghidra
00404f90	FUN_00404f90_KillThreads	FUN_00404f90_KillThreads	ghidra
004050e0	GameThread_004050e0	GameThread_004050e0	ghidra
00405120	UpdateTimer_00405120	UpdateTimer_00405120	ghidra
004051a0	FUN_004051a0_WindowDrawing2	FUN_004051a0_WindowDrawing2	ghidra
004051d0	GameUnpause_004051d0	GameUnpause_004051d0	ghidra
00405240	GamePause_00405240	GamePause_00405240	ghidra
004052d0	FUN_004052d0_ExitGexPopup	FUN_004052d0_ExitGexPopup	ghidra
00405310	FUN_00405310_Fullscreen_Unk	FUN_00405310_Fullscreen_Unk	ghidra
00405350	assertfail_00405350	assertfail_00405350	ghidra
00405390	TracePrintf_Debug_00405390	TracePrintf_Debug_00405390	ghidra
004053a0	FUN_004053a0_SaveScreenshotAndPauseGame	FUN_004053a0_SaveScreenshotAndPauseGame	ghidra
00405450	FUN_00405450_BeforeDrawWindow	FUN_00405450_BeforeDrawWindow	ghidra
004054c0	FUN_004054c0_SetWindowSize	FUN_004054c0_SetWindowSize	ghidra
004055b0	FUN_004055b0_GFXUnk	FUN_004055b0_GFXUnk	ghidra
00405660	FUN_00405660_GFXUnk	FUN_00405660_GFXUnk	ghidra
00405700	VRAM_Show_00405700	VRAM_Show_00405700	ghidra
00405810	VRAM_Hide_00405810	VRAM_Hide_00405810	ghidra
00405850	(no Ghidra entry)	FUN_00405850	fallback
0040585e	FUN_0040585e_Drawing	FUN_0040585e_Drawing	ghidra
00405bf0	WinMain_00405bf0	WinMain_00405bf0	ghidra
004063d0	WinShowError_004063d0	WinShowError_004063d0	ghidra
004064d0	WND_CleanUp_004064d0	WND_CleanUp_004064d0	ghidra
004066d0	GDI_Init_004066d0	GDI_Init_004066d0	ghidra
00406c00	FUN_00406c00_IfFreeGameNotEquals1_Unk_WHAT_DOES_THIS_DO_CONTAINS_PPVBITS	FUN_00406c00_IfFreeGameNotEquals1_Unk_WHAT_DOES_THIS_DO_CONTAINS_PPVBITS	ghidra
00406c30	GFX_Flush_00406c30	GFX_Flush_00406c30	ghidra
00406fd0	FUN_00406fd0_timeSetEventInner	FUN_00406fd0_timeSetEventInner	ghidra
00406fe0	FUN_00406fe0_InitWindowVars	FUN_00406fe0_InitWindowVars	ghidra
00407330	WindowSizeDialogProc_00407330	WindowSizeDialogProc_00407330	ghidra
00407710	MusicDialogProc_00407710	MusicDialogProc_00407710	ghidra
00407de0	(no Ghidra entry)	FUN_00407de0	fallback
00407ded	FUN_00407ded_Window_Unk	FUN_00407ded_Window_Unk	ghidra
00407f80	InputDialogProc_00407f80	InputDialogProc_00407f80	ghidra
00408350	(no Ghidra entry)	FUN_00408350	fallback
004083a0	(no Ghidra entry)	FUN_004083a0	fallback
00408432	FUN_00408432_Button1	FUN_00408432_Button1	ghidra
00408a30	(no Ghidra entry)	FUN_00408a30	fallback
00408b60	SettingsGetFromRegistry_00408b60	SettingsGetFromRegistry_00408b60	ghidra
00408f40	SettingsSetFromRegistry_00408f40	SettingsSetFromRegistry_00408f40	ghidra
00409170	CDIO_FileOpen_00409170	CDIO_FileOpen_00409170	ghidra
00409200	CDIO_FileClose_00409200	CDIO_FileClose_00409200	ghidra
00409250	CDIO_FileRead_00409250	CDIO_FileRead_00409250	ghidra
004092a0	CDIO_FileSize_004092a0	CDIO_FileSize_004092a0	ghidra
004092d0	CDIO_FileSeek_004092d0	CDIO_FileSeek_004092d0	ghidra
00409320	CDIO_CloseDirectory_00409320	CDIO_CloseDirectory_00409320	ghidra
00409350	CDIO_OpenDirectory_00409350	CDIO_OpenDirectory_00409350	ghidra
004093e0	CDIO_ReadFileTables_004093e0	CDIO_ReadFileTables_004093e0	ghidra
00409430	FILE_Open_00409430	FILE_Open_00409430	ghidra
004094c0	FILE_Close_004094c0	FILE_Close_004094c0	ghidra
004094f0	FILE_ReadMaybeFromIDL_004094f0	FILE_ReadMaybeFromIDL_004094f0	ghidra
00409560	IDL_Open_00409560	IDL_Open_00409560	ghidra
004095c0	CDIO_CloseFileSystem_004095c0	CDIO_CloseFileSystem_004095c0	ghidra
00409630	FNT_Load_00409630	FNT_Load_00409630	ghidra
00409680	FUN_00409680_ReadFile	FUN_00409680_ReadFile	ghidra
004096c0	MEM_AllocMem_004096c0	MEM_AllocMem_004096c0	ghidra
00409740	FreeMemory_00409740	FreeMemory_00409740	ghidra
004097a0	FUN_004097a0_Stub	FUN_004097a0_Stub	ghidra
004097b0	MEM_DeInit_004097b0	MEM_DeInit_004097b0	ghidra
004097f0	FUN_004097f0_ProcessCheatInputs	FUN_004097f0_ProcessCheatInputs	ghidra
00409880	LoadGex_00409880	LoadGex_00409880	ghidra
004098d0	GX_Resolve_004098d0	GX_Resolve_004098d0	ghidra
00409940	FUN_00409940_AfterGame	FUN_00409940_AfterGame	ghidra
00409970	FUN_00409970_BetweenLevelsTVFuzz	FUN_00409970_BetweenLevelsTVFuzz	ghidra
004099b0	FUN_004099b0_CloseMusic	FUN_004099b0_CloseMusic	ghidra
00409a00	OIN_SetIntroDistance_00409a00	OIN_SetIntroDistance_00409a00	ghidra
00409a30	M1_EnterLevel_00409a30	M1_EnterLevel_00409a30	ghidra
00409f00	CheckInputCodes_00409f00	CheckInputCodes_00409f00	ghidra
00409fe0	FUN_00409fe0_RestartHWND	FUN_00409fe0_RestartHWND	ghidra
0040a010	M1_PlayLevel_0040a010	M1_PlayLevel_0040a010	ghidra
0040a660	M1_ExitLevel_0040a660	M1_ExitLevel_0040a660	ghidra
0040a8c0	M1_OpenLevelDirs_0040a8c0	M1_OpenLevelDirs_0040a8c0	ghidra
0040a940	M1_CloseLevelDirs_0040a940	M1_CloseLevelDirs_0040a940	ghidra
0040a990	FUN_0040a990_LoadLevel_Clean1	FUN_0040a990_LoadLevel_Clean1	ghidra
0040aa10	M1_EnsureLevelLoaded_0040aa10	M1_EnsureLevelLoaded_0040aa10	ghidra
0040aa60	M1_FreeLevel_0040aa60	M1_FreeLevel_0040aa60	ghidra
0040ab00	FUN_0040ab00_EnterMainLoop	FUN_0040ab00_EnterMainLoop	ghidra
0040ab60	FUN_0040ab60_MainGame_Clean1	FUN_0040ab60_MainGame_Clean1	ghidra
0040abd0	FUN_0040abd0_TransitionMenu_and_Setup_Load_Next_Level	FUN_0040abd0_TransitionMenu_and_Setup_Load_Next_Level	ghidra
0040ad40	M1_GameLoop_0040ad40	M1_GameLoop_0040ad40	ghidra
0040af60	GEX_RunGameLoop_0040af60	GEX_RunGameLoop_0040af60	ghidra
0040b000	GEX_Run_0040b000	GEX_Run_0040b000	ghidra
0040b0a0	GameMain_0040b0a0	GameMain_0040b0a0	ghidra
0040b2d0	FUN_0040b2d0_InputProcessing	FUN_0040b2d0_InputProcessing	ghidra
0040b320	FUN_0040b320_WindowDrawing3	FUN_0040b320_WindowDrawing3	ghidra
0040b380	FUN_0040b380_UnfreezeGame	FUN_0040b380_UnfreezeGame	ghidra
0040b390	LINK_RESOLVE_0040b390	LINK_RESOLVE_0040b390	ghidra
0040b3b0	BLOC_Loaded_0040b3b0	BLOC_Loaded_0040b3b0	ghidra
0040b460	BLOC_BlockLoader_0040b460	BLOC_BlockLoader_0040b460	ghidra
0040b6d0	BLOC_InitTable_0040b6d0	BLOC_InitTable_0040b6d0	ghidra
0040b6f0	BLOC_OpenBlockSupport_0040b6f0	BLOC_OpenBlockSupport_0040b6f0	ghidra
0040b830	BLOC_CloseBlockSupport_0040b830	BLOC_CloseBlockSupport_0040b830	ghidra
0040b860	BLOC_FreeBlocks_0040b860	BLOC_FreeBlocks_0040b860	ghidra
0040b8c0	BLOC_LoadBlocks_0040b8c0	BLOC_LoadBlocks_0040b8c0	ghidra
0040b940	BLOC_WaitForBlocksToLoad_0040b940	BLOC_WaitForBlocksToLoad_0040b940	ghidra
0040b950	FUN_0040b950_VoiceInner	FUN_0040b950_VoiceInner	ghidra
0040b9f0	FUN_0040b9f0_Unk	FUN_0040b9f0_Unk	ghidra
0040ba50	ob109Init_0040ba50	ob109Init_0040ba50	ghidra
0040baa0	ob109DoIt_0040baa0	ob109DoIt_0040baa0	ghidra
0040bab0	ob109Draw_0040bab0	ob109Draw_0040bab0	ghidra
0040bc20	ob110Init_0040bc20	ob110Init_0040bc20	ghidra
0040bc30	ob110DoIt_0040bc30	ob110DoIt_0040bc30	ghidra
0040bc40	ob110Draw_0040bc40	ob110Draw_0040bc40	ghidra
0040bc50	FUN_0040bc50_PrintStringInner	FUN_0040bc50_PrintStringInner	ghidra
0040c110	GOB_FindWithWork0_0040c110	GOB_FindWithWork0_0040c110	ghidra
0040c170	ob122Init_0040c170	ob122Init_0040c170	ghidra
0040c180	ob122DoIt_0040c180	ob122DoIt_0040c180	ghidra
0040c190	ob122Draw_0040c190	ob122Draw_0040c190	ghidra
0040c1a0	FUN_0040c1a0	FUN_0040c1a0	ghidra
0040c210	MainMenuButtonInit_0040c210	MainMenuButtonInit_0040c210	ghidra
0040c2c0	FUN_0040c2c0_GameFunkUnk	FUN_0040c2c0_GameFunkUnk	ghidra
0040c330	MainMenuButtonDoIt_0040c330	MainMenuButtonDoIt_0040c330	ghidra
0040c340	MainMenuButtonDraw_0040c340	MainMenuButtonDraw_0040c340	ghidra
0040c4d0	ob212Init_0040c4d0	ob212Init_0040c4d0	ghidra
0040c540	ob212DoIt_0040c540	ob212DoIt_0040c540	ghidra
0040c940	FUN_0040c940	FUN_0040c940	ghidra
0040ca70	FUN_0040ca70	FUN_0040ca70	ghidra
0040cb70	FUN_0040cb70_Set_Active_Gex_Object	FUN_0040cb70_Set_Active_Gex_Object	ghidra
0040cca0	FUN_0040cca0	FUN_0040cca0	ghidra
0040cd30	ob212Draw_0040cd30	ob212Draw_0040cd30	ghidra
0040cf60	ob256Init_0040cf60	ob256Init_0040cf60	ghidra
0040d050	ob256DoIt_0040d050	ob256DoIt_0040d050	ghidra
0040d3f0	FUN_0040d3f0	FUN_0040d3f0	ghidra
0040d470	ob256Draw_0040d470	ob256Draw_0040d470	ghidra
0040d5c0	FUN_0040d5c0_GameFuncUnk	FUN_0040d5c0_GameFuncUnk	ghidra
0040d5d0	FUN_0040d5d0_Ret	FUN_0040d5d0_Ret	ghidra
0040d5e0	FUN_0040d5e0_Ret	FUN_0040d5e0_Ret	ghidra
0040d5f0	HelpBoxNew_0040d5f0	HelpBoxNew_0040d5f0	ghidra
0040d6d0	HelpBoxInit_0040d6d0	HelpBoxInit_0040d6d0	ghidra
0040d740	HelpBoxComputeExtents_0040d740	HelpBoxComputeExtents_0040d740	ghidra
0040d890	HelpBoxGetLine_0040d890	HelpBoxGetLine_0040d890	ghidra
0040d8e0	HelpBoxDoIt_0040d8e0	HelpBoxDoIt_0040d8e0	ghidra
0040d910	HelpBoxClid_0040d910	HelpBoxClid_0040d910	ghidra
0040dda0	MainMenuControllerInit_0040dda0	MainMenuControllerInit_0040dda0	ghidra
0040dee0	MainMenuControllerDoIt_0040dee0	MainMenuControllerDoIt_0040dee0	ghidra
0040def0	MainMenuControllerDraw_0040def0	MainMenuControllerDraw_0040def0	ghidra
0040e2f0	FUN_0040e2f0_y_velocity	FUN_0040e2f0_y_velocity	ghidra
0040e3f0	FUN_0040e3f0_frameIndex4	FUN_0040e3f0_frameIndex4	ghidra
0040e520	FUN_0040e520_Music_unk	FUN_0040e520_Music_unk	ghidra
0040e530	ob278Init_0040e530	ob278Init_0040e530	ghidra
0040e560	ob278DoIt_0040e560	ob278DoIt_0040e560	ghidra
0040e570	ob278Draw_0040e570	ob278Draw_0040e570	ghidra
0040e6a0	PasswordMenuDraw_0040e6a0	PasswordMenuDraw_0040e6a0	ghidra
0040ea90	PasswordKeyHintsDraw_0040ea90	PasswordKeyHintsDraw_0040ea90	ghidra
0040eb70	GOB_ResolveLoadObject_0040eb70	GOB_ResolveLoadObject_0040eb70	ghidra
0040eea0	FUN_0040eea0	FUN_0040eea0	ghidra
0040ef40	GOB_DoIt_0040ef40	GOB_DoIt_0040ef40	ghidra
0040efa0	GOB_DrawList_0040efa0	GOB_DrawList_0040efa0	ghidra
0040f030	FUN_0040f030	FUN_0040f030	ghidra
0040f100	M1_GetContourDataFromID_0040f100	M1_GetContourDataFromID_0040f100	ghidra
0040f170	M1_GetBlockAttributeIDAtPos_0040f170	M1_GetBlockAttributeIDAtPos_0040f170	ghidra
0040f1d0	GetGlueDist_0040f1d0	GetGlueDist_0040f1d0	ghidra
0040f260	GOB_PhysicsStepX_0040f260	GOB_PhysicsStepX_0040f260	ghidra
0040f2a0	GOB_PhysicsStepY_0040f2a0	GOB_PhysicsStepY_0040f2a0	ghidra
0040f2e0	GOB_CallInit_0040f2e0	GOB_CallInit_0040f2e0	ghidra
0040f300	InitControllers_0040f300	InitControllers_0040f300	ghidra
0040f340	ReadBitsFromDigital_0040f340	ReadBitsFromDigital_0040f340	ghidra
0040f380	ReadBitsFromAnalog_0040f380	ReadBitsFromAnalog_0040f380	ghidra
0040f390	ReadBitsFromMouse_0040f390	ReadBitsFromMouse_0040f390	ghidra
0040f3a0	ReadBitsFromKeyboard_0040f3a0	ReadBitsFromKeyboard_0040f3a0	ghidra
0040f3b0	ReadBitsFromUnknown_0040f3b0	ReadBitsFromUnknown_0040f3b0	ghidra
0040f3c0	ReadBitsFromAI_0040f3c0	ReadBitsFromAI_0040f3c0	ghidra
0040f400	ReadControllerNoPlayback_0040f400	ReadControllerNoPlayback_0040f400	ghidra
0040f440	CheckIdle_0040f440	CheckIdle_0040f440	ghidra
0040f4c0	ReadController_0040f4c0	ReadController_0040f4c0	ghidra
0040f500	GetRecordedBits_0040f500	GetRecordedBits_0040f500	ghidra
0040f520	PlayRecording_0040f520	PlayRecording_0040f520	ghidra
0040f5e0	FilterInputForJustOn_0040f5e0	FilterInputForJustOn_0040f5e0	ghidra
0040f610	ReadAnalogValue_0040f610	ReadAnalogValue_0040f610	ghidra
0040f680	ReadAxisFromAnalog_0040f680	ReadAxisFromAnalog_0040f680	ghidra
0040f690	ReadAxisFromMouse_0040f690	ReadAxisFromMouse_0040f690	ghidra
0040f6a0	ReadAxisFromKeyboard_0040f6a0	ReadAxisFromKeyboard_0040f6a0	ghidra
0040f6b0	ReadAxisFromUnknown_0040f6b0	ReadAxisFromUnknown_0040f6b0	ghidra
0040f6c0	ReadAxisFromAI_0040f6c0	ReadAxisFromAI_0040f6c0	ghidra
0040f700	FUN_0040f700_InputInner	FUN_0040f700_InputInner	ghidra
0040f740	StartInputPlayback_0040f740	StartInputPlayback_0040f740	ghidra
0040f780	FUN_0040f780_Input	FUN_0040f780_Input	ghidra
0040f7a0	PCTranslateBits_0040f7a0	PCTranslateBits_0040f7a0	ghidra
0040f8c0	OBI_IntroduceAllImmediate_0040f8c0	OBI_IntroduceAllImmediate_0040f8c0	ghidra
0040f910	OBI_IntroduceObjects_0040f910	OBI_IntroduceObjects_0040f910	ghidra
0040fce0	OBI_CheckRemoveObject_0040fce0	OBI_CheckRemoveObject_0040fce0	ghidra
0040fd50	OBI_InitializeObjectIntroTracker_0040fd50	OBI_InitializeObjectIntroTracker_0040fd50	ghidra
0040fda0	OBI_NewObjectIntroTracker_0040fda0	OBI_NewObjectIntroTracker_0040fda0	ghidra
0040fe00	FUN_0040FE00	FUN_0040FE00	ghidra
0040fe80	CameraBarrierAdjustCamera_0040fe80	CameraBarrierAdjustCamera_0040fe80	ghidra
004101d0	FUN_004101D0	FUN_004101D0	ghidra
00410200	FUN_00410200	FUN_00410200	ghidra
00410250	FUN_00410250_UpdateCameraBounds	FUN_00410250_UpdateCameraBounds	ghidra
00410280	CAMERA_SomeKindOfLogic_00410280	CAMERA_SomeKindOfLogic_00410280	ghidra
00410c60	FUN_00410c60_CameraFollowGex	FUN_00410c60_CameraFollowGex	ghidra
00410d10	FUN_00410d10_CollisionInner	FUN_00410d10_CollisionInner	ghidra
00410dc0	FUN_00410dc0_CollisionInner	FUN_00410dc0_CollisionInner	ghidra
00411160	InitPlayerSideCrawl_00411160	InitPlayerSideCrawl_00411160	ghidra
00411230	FUN_00411230	FUN_00411230	ghidra
004112e0	FUN_004112e0_PlatCorner	FUN_004112e0_PlatCorner	ghidra
00411380	PlayerPlatSideCrawl_00411380	PlayerPlatSideCrawl_00411380	ghidra
00411a40	InitPlayerPlatSideCrawl_00411a40	InitPlayerPlatSideCrawl_00411a40	ghidra
00411a90	PlayerSideInside45Trans_00411a90	PlayerSideInside45Trans_00411a90	ghidra
00411b90	InitPlayerSideInside45Trans_00411b90	InitPlayerSideInside45Trans_00411b90	ghidra
00411c40	PlayerSideInside45TransBackward_00411c40	PlayerSideInside45TransBackward_00411c40	ghidra
00411c50	InitPlayerInside45TransBackward_00411c50	InitPlayerInside45TransBackward_00411c50	ghidra
00411c60	PlayerSideOutside45Trans_00411c60	PlayerSideOutside45Trans_00411c60	ghidra
00411d70	InitPlayerSideOutside45Trans_00411d70	InitPlayerSideOutside45Trans_00411d70	ghidra
00411e20	PlayerSideOutside45TransBackward_00411e20	PlayerSideOutside45TransBackward_00411e20	ghidra
00411e30	InitPlayerSideOutside45TransBackward_00411e30	InitPlayerSideOutside45TransBackward_00411e30	ghidra
00411e40	PlayerSideInside90Trans_00411e40	PlayerSideInside90Trans_00411e40	ghidra
00411fd0	InitPlayerSideInside90Trans_00411fd0	InitPlayerSideInside90Trans_00411fd0	ghidra
00411ff0	FUN_00411ff0_SideInside90Trans	FUN_00411ff0_SideInside90Trans	ghidra
004120c0	FUN_004120c0_SideInside90Trans	FUN_004120c0_SideInside90Trans	ghidra
004121b0	FUN_004121b0-SideInside90Trans_Outer	FUN_004121b0_SideInside90Trans_Outer	sanitized
00412270	PlayerSideInside90TransBackward_00412270	PlayerSideInside90TransBackward_00412270	ghidra
00412280	InitPlayerSideInside90TransBackward_00412280	InitPlayerSideInside90TransBackward_00412280	ghidra
00412290	PlayerSideOutside90Trans_00412290	PlayerSideOutside90Trans_00412290	ghidra
004123c0	InitPlayerSideOutside90Trans_004123c0	InitPlayerSideOutside90Trans_004123c0	ghidra
004124a0	PlayerSideOutside90TransBackward_004124a0	PlayerSideOutside90TransBackward_004124a0	ghidra
004124b0	InitPlayerSideOutside90TransBackward_004124b0	InitPlayerSideOutside90TransBackward_004124b0	ghidra
004124c0	PlayerSideGetup_004124c0	PlayerSideGetup_004124c0	ghidra
004125b0	InitPlayerSideGetup_004125b0	InitPlayerSideGetup_004125b0	ghidra
00412630	PlayerSideUTurn_00412630	PlayerSideUTurn_00412630	ghidra
00412750	InitPlayerSideUTurn_00412750	InitPlayerSideUTurn_00412750	ghidra
00412800	PlayerPlatSideGetup_00412800	PlayerPlatSideGetup_00412800	ghidra
00412810	InitPlayerPlatSideGetup_00412810	InitPlayerPlatSideGetup_00412810	ghidra
00412830	PlayerPlatSideOutside90Trans_00412830	PlayerPlatSideOutside90Trans_00412830	ghidra
00412840	InitPlayerOutside90Trans_00412840	InitPlayerOutside90Trans_00412840	ghidra
00412860	PlayerPlatSideOutside90TransBackward_00412860	PlayerPlatSideOutside90TransBackward_00412860	ghidra
00412870	InitPlayerPlatSideOutside90TransBackward_00412870	InitPlayerPlatSideOutside90TransBackward_00412870	ghidra
00412880	PlayerSideTongueLash_00412880	PlayerSideTongueLash_00412880	ghidra
00412960	InitPlayerSideTongueLash_00412960	InitPlayerSideTongueLash_00412960	ghidra
00412a00	FUN_00412a00_CheckInput	FUN_00412a00_CheckInput	ghidra
00412a50	PlayerFaceSpin_00412a50	PlayerFaceSpin_00412a50	ghidra
00412af0	InitPlayerFaceSpin_00412af0	InitPlayerFaceSpin_00412af0	ghidra
00412b30	PlayerFaceWiggle_00412b30	PlayerFaceWiggle_00412b30	ghidra
00412b40	InitPlayerFaceWiggle_00412b40	InitPlayerFaceWiggle_00412b40	ghidra
00412b50	PlayerFaceSpinAround_00412b50	PlayerFaceSpinAround_00412b50	ghidra
00412d00	InitPlayerFaceSpinAround_00412d00	InitPlayerFaceSpinAround_00412d00	ghidra
00412de0	PlayerFaceUnspin_00412de0	PlayerFaceUnspin_00412de0	ghidra
00412ee0	InitPlayerFaceUnspin_00412ee0	InitPlayerFaceUnspin_00412ee0	ghidra
00412f40	PlayerSideTongueLash90_00412f40	PlayerSideTongueLash90_00412f40	ghidra
00413050	InitPlayerSideTongueLash90_00413050	InitPlayerSideTongueLash90_00413050	ghidra
004130a0	PlayerSideSpin_004130a0	PlayerSideSpin_004130a0	ghidra
00413170	InitPlayerSideSpin_00413170	InitPlayerSideSpin_00413170	ghidra
00413230	PlayerSideSpinAround_00413230	PlayerSideSpinAround_00413230	ghidra
00413350	InitPlayerSideSpinAround_00413350	InitPlayerSideSpinAround_00413350	ghidra
004133a0	PlayerSideUnspin_004133a0	PlayerSideUnspin_004133a0	ghidra
00413470	InitPlayerSideUnspin_00413470	InitPlayerSideUnspin_00413470	ghidra
004134b0	PlayerSideSlap_004134b0	PlayerSideSlap_004134b0	ghidra
004135a0	InitPlayerSideSlap_004135a0	InitPlayerSideSlap_004135a0	ghidra
00413600	PlayerSideTailWhap_00413600	PlayerSideTailWhap_00413600	ghidra
004136d0	InitPlayerTailWhap_004136d0	InitPlayerTailWhap_004136d0	ghidra
00413730	PlayerSideJump_00413730	PlayerSideJump_00413730	ghidra
004138b0	InitPlayerSideJump_004138b0	InitPlayerSideJump_004138b0	ghidra
00413ac0	PlayerFaceTongueLash_00413ac0	PlayerFaceTongueLash_00413ac0	ghidra
00413ba0	InitPlayerFaceTongueLash_00413ba0	InitPlayerFaceTongueLash_00413ba0	ghidra
00413be0	PlayerTailBounce_00413be0	PlayerTailBounce_00413be0	ghidra
00413c80	InitPlayerTailBounce_00413c80	InitPlayerTailBounce_00413c80	ghidra
00413d60	PlayerBounceFall_00413d60	PlayerBounceFall_00413d60	ghidra
00413e60	InitPlayerBounceFall_00413e60	InitPlayerBounceFall_00413e60	ghidra
00413ed0	PlayerBounceUnFall_00413ed0	PlayerBounceUnFall_00413ed0	ghidra
00413ee0	InitPlayerBounceUnFall_00413ee0	InitPlayerBounceUnFall_00413ee0	ghidra
00413f10	PlayerBounceRise_00413f10	PlayerBounceRise_00413f10	ghidra
00414030	InitPlayerBounceRise_00414030	InitPlayerBounceRise_00414030	ghidra
004140f0	PlayerAirToSideCrawl_004140f0	PlayerAirToSideCrawl_004140f0	ghidra
00414130	InitPlayerAirToSideCrawl_00414130	InitPlayerAirToSideCrawl_00414130	ghidra
00414240	PlayerPlatAirToSideCrawl_00414240	PlayerPlatAirToSideCrawl_00414240	ghidra
00414290	InitPlayerPlatAirToSideCrawl_00414290	InitPlayerPlatAirToSideCrawl_00414290	ghidra
00414330	PlayerAirToFaceCrawl_00414330	PlayerAirToFaceCrawl_00414330	ghidra
00414370	InitPlayerAirToFaceCrawl_00414370	InitPlayerAirToFaceCrawl_00414370	ghidra
004143b0	PlayerFaceCrawlToAir_004143b0	PlayerFaceCrawlToAir_004143b0	ghidra
004144e0	InitPlayerFaceCrawlToAir_004144e0	InitPlayerFaceCrawlToAir_004144e0	ghidra
00414600	PlayerLookup_00414600	PlayerLookup_00414600	ghidra
004146d0	InitPlayerLookup_004146d0	InitPlayerLookup_004146d0	ghidra
00414710	PlayerTongueUp_00414710	PlayerTongueUp_00414710	ghidra
00414890	InitPlayerTongueUp_00414890	InitPlayerTongueUp_00414890	ghidra
00414900	PlayerDuckTongueLash_00414900	PlayerDuckTongueLash_00414900	ghidra
00414a30	InitPlayerDuckTongueLash_00414a30	InitPlayerDuckTongueLash_00414a30	ghidra
00414a80	PlayerDuckSwallow_00414a80	PlayerDuckSwallow_00414a80	ghidra
00414b60	InitPlayerDuckSwallow_00414b60	InitPlayerDuckSwallow_00414b60	ghidra
00414bb0	PlayerDuckSpin_00414bb0	PlayerDuckSpin_00414bb0	ghidra
00414c90	InitPlayerDuckSpin_00414c90	InitPlayerDuckSpin_00414c90	ghidra
00414ce0	PlayerDuckSpinAround_00414ce0	PlayerDuckSpinAround_00414ce0	ghidra
00414e20	InitPlayerDuckSpinAround_00414e20	InitPlayerDuckSpinAround_00414e20	ghidra
00414e80	PlayerDuckUnspin_00414e80	PlayerDuckUnspin_00414e80	ghidra
00414f60	InitPlayerDuckUnspin_00414f60	InitPlayerDuckUnspin_00414f60	ghidra
00414fa0	PlayerFaceSwallow_00414fa0	PlayerFaceSwallow_00414fa0	ghidra
00415040	InitPlayerFaceSwallow_00415040	InitPlayerFaceSwallow_00415040	ghidra
00415080	PlayerSideSwallow_00415080	PlayerSideSwallow_00415080	ghidra
00415120	InitPlayerSideSwallow_00415120	InitPlayerSideSwallow_00415120	ghidra
00415170	FUN_00415170_LevelLoading	FUN_00415170_LevelLoading	ghidra
004152f0	FUN_004152F0	FUN_004152F0	ghidra
004153e0	FUN_004153e0_Falling_unk	FUN_004153e0_Falling_unk	ghidra
00415480	FUN_00415480_First_pState	FUN_00415480_First_pState	ghidra
004155a0	PlayerStartFromCamera_004155a0	PlayerStartFromCamera_004155a0	ghidra
004155c0	InitPlayerStartFromCamera_004155c0	InitPlayerStartFromCamera_004155c0	ghidra
00415600	PlayerLaunch_00415600	PlayerLaunch_00415600	ghidra
00415650	InitPlayerLaunch_00415650	InitPlayerLaunch_00415650	ghidra
004156e0	PlayerLaunchTailBounce_004156e0	PlayerLaunchTailBounce_004156e0	ghidra
00415720	InitPlayerLaunchTailBounce_00415720	InitPlayerLaunchTailBounce_00415720	ghidra
00415790	PlayerShrinkToTube_00415790	PlayerShrinkToTube_00415790	ghidra
004157e0	InitPlayerShrinkToTube_004157e0	InitPlayerShrinkToTube_004157e0	ghidra
00415b20	InitPlayerGoThruTube_00415b20	InitPlayerGoThruTube_00415b20	ghidra
00415b80	PlayerComeOutTube_00415b80	PlayerComeOutTube_00415b80	ghidra
00415b90	InitPlayerComeOutTube_00415b90	InitPlayerComeOutTube_00415b90	ghidra
00415bb0	M1_GoToMap_00415bb0	M1_GoToMap_00415bb0	ghidra
00415c10	PlayerDoit2_00415c10	PlayerDoit2_00415c10	ghidra
00417500	PlayerDraw_00417500	PlayerDraw_00417500	ghidra
0041750b	FUN_0041750b_CollisionOuterLoop	FUN_0041750b_CollisionOuterLoop	ghidra
00417780	PlayerInit_00417780	PlayerInit_00417780	ghidra
00417920	FUN_00417920	FUN_00417920	ghidra
00417960	FUN_00417960	FUN_00417960	ghidra
00417970	PlayerClid_00417970	PlayerClid_00417970	ghidra
00417b70	PlayerDamage_00417b70	PlayerDamage_00417b70	ghidra
00417ca0	PlayerKill_00417ca0	PlayerKill_00417ca0	ghidra
00417d90	FUN_00417d90_COLLISIONS	FUN_00417d90_COLLISIONS	ghidra
00417e70	ResetPlayerHP_00417e70	ResetPlayerHP_00417e70	ghidra
00417ee0	InitPlayer_00417ee0	InitPlayer_00417ee0	ghidra
00417f00	SCRIPT_GetUInt_00417f00	SCRIPT_GetUInt_00417f00	ghidra
00417f40	EVENT_ExtractUShort_00417f40	EVENT_ExtractUShort_00417f40	ghidra
00417f60	SCRIPT_CheckTileAtPos_00417f60	SCRIPT_CheckTileAtPos_00417f60	ghidra
00417fc0	SCRIPT_MoveToHotSpot_00417fc0	SCRIPT_MoveToHotSpot_00417fc0	ghidra
00418020	SCRIPT_SetLoadObject_00418020	SCRIPT_SetLoadObject_00418020	ghidra
00418040	SCRIPT_GetFieldFromParent_00418040	SCRIPT_GetFieldFromParent_00418040	ghidra
00418080	SCRIPT_LookupObjectData_00418080	SCRIPT_LookupObjectData_00418080	ghidra
004180a0	SCRIPT_InitObject_004180a0	SCRIPT_InitObject_004180a0	ghidra
004180c0	SCRIPT_RemoveObject_004180c0	SCRIPT_RemoveObject_004180c0	ghidra
00418180	SCRIPT_MoveToParentHotSpot_00418180	SCRIPT_MoveToParentHotSpot_00418180	ghidra
00418220	SCRIPT_TrackGXPositionX_00418220	SCRIPT_TrackGXPositionX_00418220	ghidra
00418270	SCRIPT_Random_00418270	SCRIPT_Random_00418270	ghidra
004182a0	SCRIPT_TrackGXPositionY_004182a0	SCRIPT_TrackGXPositionY_004182a0	ghidra
004182f0	SCRIPT_CopyFieldToChildren_004182f0	SCRIPT_CopyFieldToChildren_004182f0	ghidra
00418320	SCRIPT_LinkObject_00418320	SCRIPT_LinkObject_00418320	ghidra
00418390	SCRIPT_CopyFieldToRoot_00418390	SCRIPT_CopyFieldToRoot_00418390	ghidra
004183d0	SCRIPT_CopyFieldToParent_004183d0	SCRIPT_CopyFieldToParent_004183d0	ghidra
00418400	SCRIPT_UnlinkObject_00418400	SCRIPT_UnlinkObject_00418400	ghidra
004184d0	SCRIPT_RezOut_004184d0	SCRIPT_RezOut_004184d0	ghidra
004184f0	SCRIPT_SetDoitRoutine_004184f0	SCRIPT_SetDoitRoutine_004184f0	ghidra
00418510	SCRIPT_SetClidRoutine_00418510	SCRIPT_SetClidRoutine_00418510	ghidra
00418530	SCRIPT_SetDrawRoutine_00418530	SCRIPT_SetDrawRoutine_00418530	ghidra
00418550	SCRIPT_SwitchBlocks_00418550	SCRIPT_SwitchBlocks_00418550	ghidra
00418680	SCRIPT_TrackGXDiag_00418680	SCRIPT_TrackGXDiag_00418680	ghidra
00418720	SCRIPT_SetDisplayPriority_00418720	SCRIPT_SetDisplayPriority_00418720	ghidra
00418740	SCRIPT_SetCollisionType_00418740	SCRIPT_SetCollisionType_00418740	ghidra
00418770	SCRIPT_GetXDir_00418770	SCRIPT_GetXDir_00418770	ghidra
00418790	SCRIPT_GetCLIDObjType_00418790	SCRIPT_GetCLIDObjType_00418790	ghidra
004187c0	SCRIPT_GetCLIDObjField_004187c0	SCRIPT_GetCLIDObjField_004187c0	ghidra
004187f0	SCRIPT_DisplayBehindParent_004187f0	SCRIPT_DisplayBehindParent_004187f0	ghidra
00418830	SCRIPT_PrintWorkRegister_00418830	SCRIPT_PrintWorkRegister_00418830	ghidra
00418860	SCRIPT_AddVisualScore_00418860	SCRIPT_AddVisualScore_00418860	ghidra
00418880	SCRIPT_AddScoreFromTable_00418880	SCRIPT_AddScoreFromTable_00418880	ghidra
004188a0	SCRIPT_InitPath_004188a0	SCRIPT_InitPath_004188a0	ghidra
004188c0	SCRIPT_RezIn_004188c0	SCRIPT_RezIn_004188c0	ghidra
004188e0	SCRIPT_SetCLIDCheckRoutine_004188e0	SCRIPT_SetCLIDCheckRoutine_004188e0	ghidra
00418900	SCRIPT_SnapToContour_00418900	SCRIPT_SnapToContour_00418900	ghidra
00418990	SCRIPT_SubFields_00418990	SCRIPT_SubFields_00418990	ghidra
004189c0	SCRIPT_TurtleHeadAttack_004189c0	SCRIPT_TurtleHeadAttack_004189c0	ghidra
004189e0	SCRIPT_BreakTiles_004189e0	SCRIPT_BreakTiles_004189e0	ghidra
00418a00	SCRIPT_AdjustPlut_00418a00	SCRIPT_AdjustPlut_00418a00	ghidra
00418a80	SCRIPT_ShiftRight_00418a80	SCRIPT_ShiftRight_00418a80	ghidra
00418aa0	SCRIPT_GetTileAttribute_00418aa0	SCRIPT_GetTileAttribute_00418aa0	ghidra
00418af0	SCRIPT_GetLevelStatus_00418af0	SCRIPT_GetLevelStatus_00418af0	ghidra
00418b10	SCRIPT_MakeSplash_00418b10	SCRIPT_MakeSplash_00418b10	ghidra
00418b30	SCRIPT_PlaySound_00418b30	SCRIPT_PlaySound_00418b30	ghidra
00418b50	SCRIPT_PlaySoundWithVolume_00418b50	SCRIPT_PlaySoundWithVolume_00418b50	ghidra
00418b80	SCRIPT_PlaySoundNoPosition_00418b80	SCRIPT_PlaySoundNoPosition_00418b80	ghidra
00418bb0	SCRIPT_LinkObject2_00418bb0	SCRIPT_LinkObject2_00418bb0	ghidra
00418bd0	SCRIPT_DrawObject_00418bd0	SCRIPT_DrawObject_00418bd0	ghidra
00418c00	SCRIPT_WhackWhack_00418c00	SCRIPT_WhackWhack_00418c00	ghidra
00418c20	SCRIPT_ModWorkField_00418c20	SCRIPT_ModWorkField_00418c20	ghidra
00418c50	SCRIPT_AddWorkField_00418c50	SCRIPT_AddWorkField_00418c50	ghidra
00418c80	SCRIPT_SubWorkField_00418c80	SCRIPT_SubWorkField_00418c80	ghidra
00418cb0	SCRIPT_GetObjectLoadData_00418cb0	SCRIPT_GetObjectLoadData_00418cb0	ghidra
00418cd0	EVENT_Unimplemented_00418cd0	EVENT_Unimplemented_00418cd0	ghidra
00418cf0	SCRIPT_AddVoiceEntries_00418cf0	SCRIPT_AddVoiceEntries_00418cf0	ghidra
00418d10	SCRIPT_PlayVoice_00418d10	SCRIPT_PlayVoice_00418d10	ghidra
00418d30	SCRIPT_ForceVoiceSituation_00418d30	SCRIPT_ForceVoiceSituation_00418d30	ghidra
00418d50	SCRIPT_ForcedVoiceSituationReady_00418d50	SCRIPT_ForcedVoiceSituationReady_00418d50	ghidra
00418d60	SCRIPT_VoiceFinished_00418d60	SCRIPT_VoiceFinished_00418d60	ghidra
00418d70	SCRIPT_PlayVoiceIfGexSeesMe_00418d70	SCRIPT_PlayVoiceIfGexSeesMe_00418d70	ghidra
00418e10	SCRIPT_ClearMidPoint_00418e10	SCRIPT_ClearMidPoint_00418e10	ghidra
00418e20	SCRIPT_UnforceVoiceSituation_00418e20	SCRIPT_UnforceVoiceSituation_00418e20	ghidra
00418e30	SCRIPT_AdjustScreenPalette_00418e30	SCRIPT_AdjustScreenPalette_00418e30	ghidra
00418ee0	SCRIPT_GetGlobalArrayValue_00418ee0	SCRIPT_GetGlobalArrayValue_00418ee0	ghidra
00418f10	SCRIPT_SetFrameGroup_00418f10	SCRIPT_SetFrameGroup_00418f10	ghidra
00418f30	SCRIPT_SetFrameIndex_00418f30	SCRIPT_SetFrameIndex_00418f30	ghidra
00418f50	SCRIPT_SetLinkField_00418f50	SCRIPT_SetLinkField_00418f50	ghidra
00418fa0	SCRIPT_GetLinkField_00418fa0	SCRIPT_GetLinkField_00418fa0	ghidra
00418fd0	SCRIPT_PutLinkField_00418fd0	SCRIPT_PutLinkField_00418fd0	ghidra
00419000	SCRIPT_PrintWithFont_00419000	SCRIPT_PrintWithFont_00419000	ghidra
00419040	SCRIPT_KillPlayer_00419040	SCRIPT_KillPlayer_00419040	ghidra
00419060	SCRIPT_CollectAnItem_00419060	SCRIPT_CollectAnItem_00419060	ghidra
00419080	SCRIPT_ClearController_00419080	SCRIPT_ClearController_00419080	ghidra
00419140	SCRIPT_PrintNumWithFont_00419140	SCRIPT_PrintNumWithFont_00419140	ghidra
004191e0	SCRIPT_GetRemoteStatus_004191e0	SCRIPT_GetRemoteStatus_004191e0	ghidra
00419200	SCRIPT_CelToQuad_00419200	SCRIPT_CelToQuad_00419200	ghidra
004193b0	SCRIPT_GetParentGroup_004193b0	SCRIPT_GetParentGroup_004193b0	ghidra
004193e0	SCRIPT_GetParentIndex_004193e0	SCRIPT_GetParentIndex_004193e0	ghidra
00419410	SCRIPT_CheckContour_00419410	SCRIPT_CheckContour_00419410	ghidra
004194c0	GOB_InitObjects_004194c0	GOB_InitObjects_004194c0	ghidra
00419520	GOB_RemoveObject_00419520	GOB_RemoveObject_00419520	ghidra
004195d0	GOB_AddObject_004195d0	GOB_AddObject_004195d0	ghidra
004196e0	GOB_AddObjectByIndex_004196e0	GOB_AddObjectByIndex_004196e0	ghidra
00419840	GOB_RemoveMapObject_00419840	GOB_RemoveMapObject_00419840	ghidra
00419870	GOB_AddMapObject_00419870	GOB_AddMapObject_00419870	ghidra
00419a80	GOB_Remove_00419a80	GOB_Remove_00419a80	ghidra
00419aa0	GOB_FreeAllObjects_00419aa0	GOB_FreeAllObjects_00419aa0	ghidra
00419b20	GOB_FreeRemovedObjects_00419b20	GOB_FreeRemovedObjects_00419b20	ghidra
00419b80	GOB_SetObjectDisplayPriority_00419b80	GOB_SetObjectDisplayPriority_00419b80	ghidra
00419bc0	GOB_PutObjectBehindObject_00419bc0	GOB_PutObjectBehindObject_00419bc0	ghidra
00419be0	GOB_PutObjectInfrontOfObject_00419be0	GOB_PutObjectInfrontOfObject_00419be0	ghidra
00419c00	GOB_GetHotSpot_00419c00	GOB_GetHotSpot_00419c00	ghidra
00419fe0	GOB_GetBlockAddress_00419fe0	GOB_GetBlockAddress_00419fe0	ghidra
0041a030	GOB_DisplayObjectAtPos_0041a030	GOB_DisplayObjectAtPos_0041a030	ghidra
0041a090	FUN_0041a090	FUN_0041a090	ghidra
0041a0a0	GOB_LandedOnContours_0041a0a0	GOB_LandedOnContours_0041a0a0	ghidra
0041a160	GOB_LandedOnContoursWithOffset_0041a160	GOB_LandedOnContoursWithOffset_0041a160	ghidra
0041a250	SND_PlayObSound_0041a250	SND_PlayObSound_0041a250	ghidra
0041a320	SND_PlaySoundWithVolume_0041a320	SND_PlaySoundWithVolume_0041a320	ghidra
0041a340	SND_PlaySound_0041a340	SND_PlaySound_0041a340	ghidra
0041a360	SND_PlaySoundNoPosition_0041a360	SND_PlaySoundNoPosition_0041a360	ghidra
0041a380	GOB_GetCurrentFrameWithDefault_0041a380	GOB_GetCurrentFrameWithDefault_0041a380	ghidra
0041a400	GOB_GetOldFrame_0041a400	GOB_GetOldFrame_0041a400	ghidra
0041a480	GOB_GetCurrentFrame_0041a480	GOB_GetCurrentFrame_0041a480	ghidra
0041a500	GOB_GetCurrentFrameOrReset_0041a500	GOB_GetCurrentFrameOrReset_0041a500	ghidra
0041a590	GetRemoteStatus_0041a590	GetRemoteStatus_0041a590	ghidra
0041a600	ClearStartDoor_0041a600	ClearStartDoor_0041a600	ghidra
0041a610	InitStartDoors_0041a610	InitStartDoors_0041a610	ghidra
0041a630	CollectAnItem_0041a630	CollectAnItem_0041a630	ghidra
0041a660	CollectibleReset_0041a660	CollectibleReset_0041a660	ghidra
0041a680	FUN_0041a680	FUN_0041a680	ghidra
0041a6f0	CameraInit_0041a6f0	CameraInit_0041a6f0	ghidra
0041a920	CameraDoIt_0041a920	CameraDoIt_0041a920	ghidra
0041ab00	CameraDraw_0041ab00	CameraDraw_0041ab00	ghidra
0041ab10	CameraClid_0041ab10	CameraClid_0041ab10	ghidra
0041abb0	RemoteInit_0041abb0	RemoteInit_0041abb0	ghidra
0041ac70	RemoteDoIt_0041ac70	RemoteDoIt_0041ac70	ghidra
0041aea0	RemoteClid_0041aea0	RemoteClid_0041aea0	ghidra
0041b010	RemoteDraw_0041b010	RemoteDraw_0041b010	ghidra
0041b040	VCRInit_0041b040	VCRInit_0041b040	ghidra
0041b070	VCRDoIt_0041b070	VCRDoIt_0041b070	ghidra
0041b0a0	VCRClid_0041b0a0	VCRClid_0041b0a0	ghidra
0041b0d0	VCRDraw_0041b0d0	VCRDraw_0041b0d0	ghidra
0041b0e0	SetTileToAlternate_0041b0e0	SetTileToAlternate_0041b0e0	ghidra
0041b140	PlayerTryBreakStuff_0041b140	PlayerTryBreakStuff_0041b140	ghidra
0041b3b0	FUN_0041b3b0	FUN_0041b3b0	ghidra
0041b3e0	ob237Init_0041b3e0	ob237Init_0041b3e0	ghidra
0041b4d0	FUN_0041B4D0	FUN_0041B4D0	ghidra
0041b500	ob284DoIt_0041b500	ob284DoIt_0041b500	ghidra
0041b600	FUN_0041b600_ObjCallUnkInner3	FUN_0041b600_ObjCallUnkInner3	ghidra
0041b6d0	FUN_0041b6d0_ObjCallUnkInner4	FUN_0041b6d0_ObjCallUnkInner4	ghidra
0041b700	FUN_0041b700_ObjCallUnkInner	FUN_0041b700_ObjCallUnkInner	ghidra
0041b750	FUN_0041B750	FUN_0041B750	ghidra
0041bce0	FUN_0041BCE0	FUN_0041BCE0	ghidra
0041bcf0	ob215Draw_0041bcf0	ob215Draw_0041bcf0	ghidra
0041bde0	AddVisualScore_0041bde0	AddVisualScore_0041bde0	ghidra
0041be80	AddVisualScoreFromTable_0041be80	AddVisualScoreFromTable_0041be80	ghidra
0041beb0	FUN_0041beb0_MusicUnk	FUN_0041beb0_MusicUnk	ghidra
0041ca10	CLD_InitCollides_0041ca10	CLD_InitCollides_0041ca10	ghidra
0041ca70	CLD_ComputeAngleEdgesWithFrame_0041ca70	CLD_ComputeAngleEdgesWithFrame_0041ca70	ghidra
0041cb80	CLD_ComputeAngleEdges_0041cb80	CLD_ComputeAngleEdges_0041cb80	ghidra
0041cc70	CLD_ApplyAngleToPoints_0041cc70	CLD_ApplyAngleToPoints_0041cc70	ghidra
0041d010	CLD_ComputeAnglePointsWithHitArea_0041d010	CLD_ComputeAnglePointsWithHitArea_0041d010	ghidra
0041d0e0	CLD_ComputeAnglePointsWithFrame_0041d0e0	CLD_ComputeAnglePointsWithFrame_0041d0e0	ghidra
0041d250	CLD_CheckRotatedRects_0041d250	CLD_CheckRotatedRects_0041d250	ghidra
0041dd50	CLD_CheckCollisionAngle_0041dd50	CLD_CheckCollisionAngle_0041dd50	ghidra
0041e190	CLD_CheckCollisionNormal_0041e190	CLD_CheckCollisionNormal_0041e190	ghidra
0041e5c0	CLD_ProcessCollisions_0041e5c0	CLD_ProcessCollisions_0041e5c0	ghidra
0041e700	CLD_ResetCollides_0041e700	CLD_ResetCollides_0041e700	ghidra
0041e710	CLD_CallAllCollisions_0041e710	CLD_CallAllCollisions_0041e710	ghidra
0041e720	CLD_CollideWithRest_0041e720	CLD_CollideWithRest_0041e720	ghidra
0041e7c0	CLD_RemoveObjectCollision_0041e7c0	CLD_RemoveObjectCollision_0041e7c0	ghidra
0041e7e0	CLD_AddObjectCollision_0041e7e0	CLD_AddObjectCollision_0041e7e0	ghidra
0041e880	CLD_SetObjectCollisionType_0041e880	CLD_SetObjectCollisionType_0041e880	ghidra
0041e8b0	CLD_FreeAllRemovedCldObjectsFromList_0041e8b0	CLD_FreeAllRemovedCldObjectsFromList_0041e8b0	ghidra
0041e930	CLD_RemoveAllCldObjsFromList_0041e930	CLD_RemoveAllCldObjsFromList_0041e930	ghidra
0041e970	CLD_RemoveAllCollisionObjects_0041e970	CLD_RemoveAllCollisionObjects_0041e970	ghidra
0041e9a0	CLD_RemoveAllCldObjsFromList_0041e9a0	CLD_RemoveAllCldObjsFromList_0041e9a0	ghidra
0041e9d0	CLD_CheckAboveContour_0041e9d0	CLD_CheckAboveContour_0041e9d0	ghidra
0041ebe0	M1_LoadLevel_0041ebe0	M1_LoadLevel_0041ebe0	ghidra
0041ec70	M1_OpenLevelFile_0041ec70	M1_OpenLevelFile_0041ec70	ghidra
0041ecd0	M1_StreamLevel_0041ecd0	M1_StreamLevel_0041ecd0	ghidra
0041f6f0	M1_UnloadLevel_0041f6f0	M1_UnloadLevel_0041f6f0	ghidra
0041f710	M1_ProcessBlockAnims_0041f710	M1_ProcessBlockAnims_0041f710	ghidra
0041f7a0	M1_ProcessTileAnims_0041f7a0	M1_ProcessTileAnims_0041f7a0	ghidra
0041f840	VFX_Reset_0041f840	VFX_Reset_0041f840	ghidra
0041f860	VSIT_MarkForPlay_0041f860	VSIT_MarkForPlay_0041f860	ghidra
0041f8b0	FUN_0041f8b0_Stub	FUN_0041f8b0_Stub	ghidra
0041f8c0	VSIT_PlayVoiceSituation_0041f8c0	VSIT_PlayVoiceSituation_0041f8c0	ghidra
0041fa10	FUN_0041fa10_ProcessVoiceLoadingCompletion_Clean1	FUN_0041fa10_ProcessVoiceLoadingCompletion_Clean1	ghidra
0041fa80	VFX_Play_0041fa80	VFX_Play_0041fa80	ghidra
0041faf0	VFX_Update_0041faf0	VFX_Update_0041faf0	ghidra
0041fb50	VFX_VoiceFinished_0041fb50	VFX_VoiceFinished_0041fb50	ghidra
0041fb80	VSIT_ForceVoiceSituation_0041fb80	VSIT_ForceVoiceSituation_0041fb80	ghidra
0041fba0	VSIT_ForcedVoiceSituationReady_0041fba0	VSIT_ForcedVoiceSituationReady_0041fba0	ghidra
0041fbc0	VSIT_UnforceVoiceSituation_0041fbc0	VSIT_UnforceVoiceSituation_0041fbc0	ghidra
0041fbd0	FUN_0041FBD0	FUN_0041FBD0	ghidra
0041fc20	GXINP_InitPads_0041fc20	GXINP_InitPads_0041fc20	ghidra
0041fc40	GXINP_ReadPads_0041fc40	GXINP_ReadPads_0041fc40	ghidra
0041fcb0	IDL_Open_0041fcb0	IDL_Open_0041fcb0	ghidra
0041fd00	IDL_Resolve_0041fd00	IDL_Resolve_0041fd00	ghidra
0041fd70	IDL_Free_0041fd70	IDL_Free_0041fd70	ghidra
0041fdb0	IDL_SetIdle_0041fdb0	IDL_SetIdle_0041fdb0	ghidra
0041fdd0	FUN_0041FDD0	FUN_0041FDD0	ghidra
0041feb0	FUN_0041FEB0	FUN_0041FEB0	ghidra
0041fec0	ParaContainerDraw_0041fec0	ParaContainerDraw_0041fec0	ghidra
00420190	PAR_ResolveParallax_00420190	PAR_ResolveParallax_00420190	ghidra
00420210	PAR_LoadParallaxs_00420210	PAR_LoadParallaxs_00420210	ghidra
004202b0	PAR_FreeParallaxs_004202b0	PAR_FreeParallaxs_004202b0	ghidra
004202d0	PAR_ClearParallaxs_004202d0	PAR_ClearParallaxs_004202d0	ghidra
00420300	DoLevelSelectScreen_00420300	DoLevelSelectScreen_00420300	ghidra
004206b0	FUN_004206b0	FUN_004206b0	ghidra
004206d0	FUN_004206d0	FUN_004206d0	ghidra
00420770	FUN_00420770_Movement_unk	FUN_00420770_Movement_unk	ghidra
004207e0	FUN_004207e0_GOB_KeepOutOfTiles_Inner	FUN_004207e0_GOB_KeepOutOfTiles_Inner	ghidra
00420820	FUN_00420820	FUN_00420820	ghidra
004208a0	GOB_KeepRight_004208a0	GOB_KeepRight_004208a0	ghidra
004208d0	GOB_KeepLeft_004208d0	GOB_KeepLeft_004208d0	ghidra
004208f0	FUN_004208f0_ypos	FUN_004208f0_ypos	ghidra
00420920	FUN_00420920_ypos	FUN_00420920_ypos	ghidra
00420960	GOB_KeepOutOfTiles_00420960	GOB_KeepOutOfTiles_00420960	ghidra
00420bc0	GOB_ResetState_00420bc0	GOB_ResetState_00420bc0	ghidra
00420c10	GetTileFlagsAtPosition_00420c10	GetTileFlagsAtPosition_00420c10	ghidra
00420c40	FUN_00420c40_CheckWallCollision	FUN_00420c40_CheckWallCollision	ghidra
00420c70	FUN_00420c70_GexWallCollisionInner	FUN_00420c70_GexWallCollisionInner	ghidra
00420ce0	FUN_00420ce0_GexWallCollision	FUN_00420ce0_GexWallCollision	ghidra
00420d30	FUN_00420D30	FUN_00420D30	ghidra
00420e60	(no Ghidra entry)	FUN_00420e60	fallback
00420f30	FUN_00420f30	FUN_00420f30	ghidra
00420fa0	FUN_00420fa0_xpos_movement	FUN_00420fa0_xpos_movement	ghidra
00421120	FUN_00421120	FUN_00421120	ghidra
004211d0	FUN_004211d0	FUN_004211d0	ghidra
004212d0	FUN_004212d0_pStateUnk_yVel	FUN_004212d0_pStateUnk_yVel	ghidra
00421340	FUN_00421340	FUN_00421340	ghidra
00421380	FUN_00421380	FUN_00421380	ghidra
004213c0	FUN_004213c0	FUN_004213c0	ghidra
004213f0	FUN_004213f0_GexMovementLeftandRight	FUN_004213f0_GexMovementLeftandRight	ghidra
004214d0	FUN_004214d0_y_pos_movement	FUN_004214d0_y_pos_movement	ghidra
00421560	FUN_00421560_DrawCharacter	FUN_00421560_DrawCharacter	ghidra
004215d0	FUN_004215d0_pStateUnk_Jump	FUN_004215d0_pStateUnk_Jump	ghidra
004216b0	EFECT_MakeSplash_004216b0	EFECT_MakeSplash_004216b0	ghidra
00421740	FUN_00421740_pStateUnk_Jump	FUN_00421740_pStateUnk_Jump	ghidra
00421780	FUN_00421780_pStateUnk_Fall	FUN_00421780_pStateUnk_Fall	ghidra
00421820	FUN_00421820_pStateUnk_Duck	FUN_00421820_pStateUnk_Duck	ghidra
004218a0	FUN_004218a0_CheckWallCollision	FUN_004218a0_CheckWallCollision	ghidra
00421900	PlayerBreakSomething_00421900	PlayerBreakSomething_00421900	ghidra
004219c0	FUN_004219c0_Velocity	FUN_004219c0_Velocity	ghidra
00421a00	FUN_00421a00_AirToSideCrawl	FUN_00421a00_AirToSideCrawl	ghidra
00421cc0	FUN_00421cc0_Set_Stop_to_1	FUN_00421cc0_Set_Stop_to_1	ghidra
00421cd0	FUN_00421cd0_xpos_ypos_related	FUN_00421cd0_xpos_ypos_related	ghidra
00421d50	FUN_00421d50_EVENT_Collision_Inner_unk	FUN_00421d50_EVENT_Collision_Inner_unk	ghidra
00421f10	FUN_00421f10_Stub	FUN_00421f10_Stub	ghidra
00421f20	FUN_00421f20_pStateUnk_Side	FUN_00421f20_pStateUnk_Side	ghidra
00421f90	FUN_00421f90	FUN_00421f90	ghidra
00422360	FUN_00422360_COLLISION_HEALTHLOSTINHERE	FUN_00422360_COLLISION_HEALTHLOSTINHERE	ghidra
00422390	FUN_00422390_Reset_Powerups	FUN_00422390_Reset_Powerups	ghidra
004223d0	FUN_004223d0_ProcessGexHurtTimerUnk	FUN_004223d0_ProcessGexHurtTimerUnk	ghidra
00422410	FUN_00422410_EatingObject_pState_Call	FUN_00422410_EatingObject_pState_Call	ghidra
00422470	FUN_00422470_EatObjects	FUN_00422470_EatObjects	ghidra
00422500	FUN_00422500_pStateUnk_Lash_Inner	FUN_00422500_pStateUnk_Lash_Inner	ghidra
00422580	FUN_00422580_pStateUnk_Lash_Inner	FUN_00422580_pStateUnk_Lash_Inner	ghidra
00422790	FUN_00422790_pStateUnk_Lash	FUN_00422790_pStateUnk_Lash	ghidra
00423120	FUN_00423120_Lash_unk	FUN_00423120_Lash_unk	ghidra
00423130	FUN_00423130_pStateUnk_Eating	FUN_00423130_pStateUnk_Eating	ghidra
00423190	FUN_00423190_CollisionIntoJumpTailWhack	FUN_00423190_CollisionIntoJumpTailWhack	ghidra
004231c0	FUN_004231c0_JumpTongueLash	FUN_004231c0_JumpTongueLash	ghidra
00423200	FUN_00423200_pStateUnk	FUN_00423200_pStateUnk	ghidra
00423350	FUN_00423350_xpos_ypos_movement	FUN_00423350_xpos_ypos_movement	ghidra
00423760	FUN_00423760_pStateUnk	FUN_00423760_pStateUnk	ghidra
00423780	FUN_00423780_pStateUnk	FUN_00423780_pStateUnk	ghidra
004237c0	FUN_004237c0_pStateUnk	FUN_004237c0_pStateUnk	ghidra
00423800	FUN_00423800_pStateUnk	FUN_00423800_pStateUnk	ghidra
00423910	FUN_00423910_pStateUnk	FUN_00423910_pStateUnk	ghidra
00423960	FUN_00423960_pStateUnk	FUN_00423960_pStateUnk	ghidra
004239b0	FUN_004239b0_pStateUnk	FUN_004239b0_pStateUnk	ghidra
00423a00	FUN_00423a00_pStateUnk	FUN_00423a00_pStateUnk	ghidra
00423a50	FUN_00423a50_AirToFaceCrawl	FUN_00423a50_AirToFaceCrawl	ghidra
00423aa0	FUN_00423aa0_AirToFaceCrawl	FUN_00423aa0_AirToFaceCrawl	ghidra
00423ab0	FUN_00423ab0_AirToFaceCrawl	FUN_00423ab0_AirToFaceCrawl	ghidra
00423b00	FUN_00423b00_AirToFace_or_JumpTongueLash	FUN_00423b00_AirToFace_or_JumpTongueLash	ghidra
00423b40	FUN_00423b40_CollisionIntoBounceFall	FUN_00423b40_CollisionIntoBounceFall	ghidra
00423b80	FUN_00423b80_pStateUnk	FUN_00423b80_pStateUnk	ghidra
00423c80	GX_ResetRotAndScale_00423c80	GX_ResetRotAndScale_00423c80	ghidra
00423cb0	PlayerOldMan_00423cb0	PlayerOldMan_00423cb0	ghidra
00423d20	InitPlayerOldMan_00423d20	InitPlayerOldMan_00423d20	ghidra
00423d80	FUN_00423d80	FUN_00423d80	ghidra
00423dc0	PlayerStand_00423dc0	PlayerStand_00423dc0	ghidra
00424090	InitPlayerStand_00424090	InitPlayerStand_00424090	ghidra
00424110	PlayerSlide45_00424110	PlayerSlide45_00424110	ghidra
00424290	InitPlayerSlide45_00424290	InitPlayerSlide45_00424290	ghidra
004242e0	PlayerSlide45Jump_004242e0	PlayerSlide45Jump_004242e0	ghidra
00424320	InitPlayerSlide45Jump_00424320	InitPlayerSlide45Jump_00424320	ghidra
00424360	PlayerPush_00424360	PlayerPush_00424360	ghidra
004244a0	InitPlayerPush_004244a0	InitPlayerPush_004244a0	ghidra
004244e0	FUN_004244e0_left_right_move_xpos	FUN_004244e0_left_right_move_xpos	ghidra
004245b0	FUN_004245b0_Walk_Apply_Speed	FUN_004245b0_Walk_Apply_Speed	ghidra
004247b0	PlayerWalk_004247b0	PlayerWalk_004247b0	ghidra
004248e0	PlayerStartWalkImpl_004248e0	PlayerStartWalkImpl_004248e0	ghidra
00424940	InitPlayerWalk_00424940	InitPlayerWalk_00424940	ghidra
00424980	FUN_00424980_CheckGexInputs	FUN_00424980_CheckGexInputs	ghidra
004249e0	PlayerRun_004249e0	PlayerRun_004249e0	ghidra
00424aa0	InitPlayerRun_00424aa0	InitPlayerRun_00424aa0	ghidra
00424ae0	PlayerStandJumpStart_00424ae0	PlayerStandJumpStart_00424ae0	ghidra
00424b80	InitPlayerStandJumpStart_00424b80	InitPlayerStandJumpStart_00424b80	ghidra
00424bd0	PlayerStandJump_00424bd0	PlayerStandJump_00424bd0	ghidra
00424d80	FUN_00424d80_StandJump	FUN_00424d80_StandJump	ghidra
00424e50	InitPlayerStandJump_00424e50	InitPlayerStandJump_00424e50	ghidra
00424e80	PlayerFall_00424e80	PlayerFall_00424e80	ghidra
00425030	FUN_00425030_Fall	FUN_00425030_Fall	ghidra
004250b0	InitPlayerFall_004250b0	InitPlayerFall_004250b0	ghidra
004250d0	PlayerFalling_004250d0	PlayerFalling_004250d0	ghidra
00425250	FUN_00425250_Falling	FUN_00425250_Falling	ghidra
004252b0	InitPlayerFalling_004252b0	InitPlayerFalling_004252b0	ghidra
004252e0	PlayerJumpSwallow_004252e0	PlayerJumpSwallow_004252e0	ghidra
00425460	InitPlayerJumpSwallow_00425460	InitPlayerJumpSwallow_00425460	ghidra
004254b0	PlayerJumpTongueLash_004254b0	PlayerJumpTongueLash_004254b0	ghidra
00425690	InitPlayerJumpTongueLash_00425690	InitPlayerJumpTongueLash_00425690	ghidra
004256e0	PlayerJumpTongueLashUp_004256e0	PlayerJumpTongueLashUp_004256e0	ghidra
00425930	InitPlayerJumpTongueLashUp_00425930	InitPlayerJumpTongueLashUp_00425930	ghidra
00425980	PlayerJumpTailWhack_00425980	PlayerJumpTailWhack_00425980	ghidra
00425af0	InitPlayerJumpTailWhack_00425af0	InitPlayerJumpTailWhack_00425af0	ghidra
00425b60	PlayerStopFall_00425b60	PlayerStopFall_00425b60	ghidra
00425c10	InitPlayerStopFall_00425c10	InitPlayerStopFall_00425c10	ghidra
00425cf0	PlayerStopFalling_00425cf0	PlayerStopFalling_00425cf0	ghidra
00425da0	InitPlayerStopFalling_00425da0	InitPlayerStopFalling_00425da0	ghidra
00425e80	PlayerRunJumpStart_00425e80	PlayerRunJumpStart_00425e80	ghidra
00425ef0	InitPlayerRunJumpStart_00425ef0	InitPlayerRunJumpStart_00425ef0	ghidra
00425f40	PlayerRunJump_00425f40	PlayerRunJump_00425f40	ghidra
004260c0	InitPlayerRunJump_004260c0	InitPlayerRunJump_004260c0	ghidra
00426180	PlayerRunFall_00426180	PlayerRunFall_00426180	ghidra
004262c0	InitPlayerRunFall_004262c0	InitPlayerRunFall_004262c0	ghidra
00426330	PlayerRunStopFall_00426330	PlayerRunStopFall_00426330	ghidra
004263b0	InitPlayerRunStopFall_004263b0	InitPlayerRunStopFall_004263b0	ghidra
004264a0	PlayerFaceSkew_004264a0	PlayerFaceSkew_004264a0	ghidra
004264b0	InitPlayerFaceSkew_004264b0	InitPlayerFaceSkew_004264b0	ghidra
004264c0	PlayerFaceTurn_004264c0	PlayerFaceTurn_004264c0	ghidra
00426620	InitPlayerFaceTurn_00426620	InitPlayerFaceTurn_00426620	ghidra
00426690	PlayerFaceStick_00426690	PlayerFaceStick_00426690	ghidra
00426ca0	InitPlayerFaceStick_00426ca0	InitPlayerFaceStick_00426ca0	ghidra
00426cf0	PlayerSkid_00426cf0	PlayerSkid_00426cf0	ghidra
00426d00	InitPlayerSkid_00426d00	InitPlayerSkid_00426d00	ghidra
00426d20	PlayerRunSkidStop_00426d20	PlayerRunSkidStop_00426d20	ghidra
00426da0	InitPlayerRunSkidStop_00426da0	InitPlayerRunSkidStop_00426da0	ghidra
00426df0	PlayerRunSkidding_00426df0	PlayerRunSkidding_00426df0	ghidra
00426f60	InitPlayerRunSkidding_00426f60	InitPlayerRunSkidding_00426f60	ghidra
00426fc0	PlayerRunSkid_00426fc0	PlayerRunSkid_00426fc0	ghidra
004270b0	InitPlayerRunSkid_004270b0	InitPlayerRunSkid_004270b0	ghidra
00427110	PlayerRunTurnStop_00427110	PlayerRunTurnStop_00427110	ghidra
004271a0	InitPlayerRunTurnStop_004271a0	InitPlayerRunTurnStop_004271a0	ghidra
004271f0	PlayerRunTurn_004271f0	PlayerRunTurn_004271f0	ghidra
00427340	InitPlayerRunTurn_00427340	InitPlayerRunTurn_00427340	ghidra
00427390	PlayerTurn_00427390	PlayerTurn_00427390	ghidra
00427550	InitPlayerTurn_00427550	InitPlayerTurn_00427550	ghidra
004275a0	PlayerSetXAccl_004275a0	PlayerSetXAccl_004275a0	ghidra
004275e0	PlayerTailSlash_004275e0	PlayerTailSlash_004275e0	ghidra
004276e0	PlayerStartTailSlashImpl_004276e0	PlayerStartTailSlashImpl_004276e0	ghidra
00427760	InitPlayerTailSlash_00427760	InitPlayerTailSlash_00427760	ghidra
00427780	PlayerDuck_00427780	PlayerDuck_00427780	ghidra
00427850	InitPlayerDuck_00427850	InitPlayerDuck_00427850	ghidra
004278a0	PlayerUnDucking_004278a0	PlayerUnDucking_004278a0	ghidra
00427940	InitPlayerUnDucking_00427940	InitPlayerUnDucking_00427940	ghidra
00427980	PlayerDucking_00427980	PlayerDucking_00427980	ghidra
00427a10	InitPlayerDucking_00427a10	InitPlayerDucking_00427a10	ghidra
00427a50	PlayerTongueLash_00427a50	PlayerTongueLash_00427a50	ghidra
00427b80	InitPlayerTongueLash_00427b80	InitPlayerTongueLash_00427b80	ghidra
00427c00	PlayerSwallow_00427c00	PlayerSwallow_00427c00	ghidra
00427ce0	InitPlayerSwallow_00427ce0	InitPlayerSwallow_00427ce0	ghidra
00427d30	PlayerSideCrawl_00427d30	PlayerSideCrawl_00427d30	ghidra
00428c60	UTL_ReallyRandom32_00428c60	UTL_ReallyRandom32_00428c60	ghidra
00428c80	UTL_ReallyRandom_00428c80	UTL_ReallyRandom_00428c80	ghidra
00428cc0	GFX_DrawRectHelper_00428cc0	GFX_DrawRectHelper_00428cc0	ghidra
00428cf0	FUN_00428cf0	FUN_00428cf0	ghidra
00428e50	FUN_00428e50	FUN_00428e50	ghidra
00428fa0	AdjustPlut_00428fa0	AdjustPlut_00428fa0	ghidra
00429190	FUN_00429190	FUN_00429190	ghidra
00429200	FUN_00429200_PasswordRelated	FUN_00429200_PasswordRelated	ghidra
00429390	FUN_00429390_EnterPasswordSelectLevel	FUN_00429390_EnterPasswordSelectLevel	ghidra
004295c0	PasswordIsValid_004295c0	PasswordIsValid_004295c0	ghidra
00429690	FUN_00429690_PasswordString	FUN_00429690_PasswordString	ghidra
004296d0	FUN_004296d0_ParseLoadPasswords	FUN_004296d0_ParseLoadPasswords	ghidra
004297b0	PasswordDecodeGetBits_004297b0	PasswordDecodeGetBits_004297b0	ghidra
00429850	FUN_00429850_PasswordRelated	FUN_00429850_PasswordRelated	ghidra
004298c0	FUN_004298c0_ProcessPasswordInput	FUN_004298c0_ProcessPasswordInput	ghidra
00429940	PasswordEnterLevel_00429940	PasswordEnterLevel_00429940	ghidra
00429a00	ob220Init_00429a00	ob220Init_00429a00	ghidra
00429ac0	ob220DoIt_00429ac0	ob220DoIt_00429ac0	ghidra
00429b30	ob220Draw_00429b30	ob220Draw_00429b30	ghidra
00429b40	RemoteFindWithLevel_00429b40	RemoteFindWithLevel_00429b40	ghidra
00429b80	FUN_00429b80_Object_unk	FUN_00429b80_Object_unk	ghidra
00429bd0	FUN_00429bd0_Object_unk	FUN_00429bd0_Object_unk	ghidra
00429c10	FUN_00429c10_Object_unk	FUN_00429c10_Object_unk	ghidra
00429c60	GOB_FindFirstWithType_00429c60	GOB_FindFirstWithType_00429c60	ghidra
00429c90	FUN_00429c90_RemoteUnk	FUN_00429c90_RemoteUnk	ghidra
00429cb0	FUN_00429cb0_RemoteTVSelect_Unk1	FUN_00429cb0_RemoteTVSelect_Unk1	ghidra
00429ce0	DAT_00429ce0_OBJECTFUNCTION_FunctionPointer?	DAT_00429ce0_OBJECTFUNCTION_FunctionPointer_	sanitized
00429fad	FUN_00429fad_MapFunkUnk	FUN_00429fad_MapFunkUnk	ghidra
0042a288	FUN_0042a288_MapFunkUnk	FUN_0042a288_MapFunkUnk	ghidra
0042a2af	FUN_0042a2af_MapFunkUnk	FUN_0042a2af_MapFunkUnk	ghidra
0042a2e5	FUN_0042a2e5_MapFunkUnk	FUN_0042a2e5_MapFunkUnk	ghidra
0042a405	FUN_0042a405_MapFunkUnk	FUN_0042a405_MapFunkUnk	ghidra
0042a49b	FUN_0042a49b_MapFunkUnk	FUN_0042a49b_MapFunkUnk	ghidra
0042a560	FUN_0042a560_RemoteUnk	FUN_0042a560_RemoteUnk	ghidra
0042a5d0	FUN_0042a5d0_RemoteUnk	FUN_0042a5d0_RemoteUnk	ghidra
0042a630	FUN_0042a630_Gex_Frames	FUN_0042a630_Gex_Frames	ghidra
0042a690	FUN_0042a690	FUN_0042a690	ghidra
0042ab90	ob262Init_0042ab90	ob262Init_0042ab90	ghidra
0042aba0	ob262DoIt_0042aba0	ob262DoIt_0042aba0	ghidra
0042acb0	ob262Draw_0042acb0	ob262Draw_0042acb0	ghidra
0042ad00	ob270Init_0042ad00	ob270Init_0042ad00	ghidra
0042ad40	ob270DoIt_0042ad40	ob270DoIt_0042ad40	ghidra
0042b180	ob270Draw_0042b180	ob270Draw_0042b180	ghidra
0042b530	MapPlayerInit_0042b530	MapPlayerInit_0042b530	ghidra
0042b760	FUN_0042b760	FUN_0042b760	ghidra
0042bfe0	FUN_0042bfe0_TV_Level_unk	FUN_0042bfe0_TV_Level_unk	ghidra
0042c0a0	FUN_0042c0a0	FUN_0042c0a0	ghidra
0042c1a0	FUN_0042c1a0	FUN_0042c1a0	ghidra
0042c230	MapPlayerDraw_0042c230	MapPlayerDraw_0042c230	ghidra
0042c860	FUN_0042c860	FUN_0042c860	ghidra
0042ca40	FUN_0042ca40_UnknownSwitchCase	FUN_0042ca40_UnknownSwitchCase	ghidra
0042cba0	MapPlayerClid_0042cba0	MapPlayerClid_0042cba0	ghidra
0042cbb0	LST_InsertBefore_0042cbb0	LST_InsertBefore_0042cbb0	ghidra
0042cbd0	LST_InsertAfter_0042cbd0	LST_InsertAfter_0042cbd0	ghidra
0042cbf0	LST_Remove_0042cbf0	LST_Remove_0042cbf0	ghidra
0042cc00	LST_AddTail_0042cc00	LST_AddTail_0042cc00	ghidra
0042cc20	LST_RemTail_0042cc20	LST_RemTail_0042cc20	ghidra
0042cc50	LST_Init_0042cc50	LST_Init_0042cc50	ghidra
0042cc70	FUN_0042cc70_Object_unk	FUN_0042cc70_Object_unk	ghidra
0042cc90	TILES_CheckHorizForcedScroll_0042cc90	TILES_CheckHorizForcedScroll_0042cc90	ghidra
0042cd90	TILES_CheckVertForcedScroll_0042cd90	TILES_CheckVertForcedScroll_0042cd90	ghidra
0042ce70	TILES_GetBlockAddress_0042ce70	TILES_GetBlockAddress_0042ce70	ghidra
0042cec0	TILES_CheckOneXPoint_0042cec0	TILES_CheckOneXPoint_0042cec0	ghidra
0042d060	TILES_CheckXTileClid_0042d060	TILES_CheckXTileClid_0042d060	ghidra
0042d2c0	TILES_CheckYTileClid_0042d2c0	TILES_CheckYTileClid_0042d2c0	ghidra
0042d4e0	FUN_0042d4e0_Object_unk	FUN_0042d4e0_Object_unk	ghidra
0042d5c0	FUN_0042d5c0_JumpingAboveScreen	FUN_0042d5c0_JumpingAboveScreen	ghidra
0042d680	FUN_0042d680_ObjCallUnk	FUN_0042d680_ObjCallUnk	ghidra
0042d6e0	FUN_0042d6e0_ObjCallUnk	FUN_0042d6e0_ObjCallUnk	ghidra
0042d7b0	FUN_0042d7b0_Xor_Stub	FUN_0042d7b0_Xor_Stub	ghidra
0042d7c0	FUN_0042d7c0_ObjCallUnk	FUN_0042d7c0_ObjCallUnk	ghidra
0042d910	FUN_0042d910_RightWallCollision	FUN_0042d910_RightWallCollision	ghidra
0042da40	FUN_0042da40_ObjCallUnk	FUN_0042da40_ObjCallUnk	ghidra
0042dab0	FUN_0042dab0_gOb_GexFuncUnk	FUN_0042dab0_gOb_GexFuncUnk	ghidra
0042db90	FUN_0042db90_ObjCallUnk	FUN_0042db90_ObjCallUnk	ghidra
0042dbb0	FUN_0042dbb0_Xor_Stub	FUN_0042dbb0_Xor_Stub	ghidra
0042dbc0	FUN_0042dbc0_Xor_Stub	FUN_0042dbc0_Xor_Stub	ghidra
0042dbd0	FUN_0042dbd0_ObjCallUnk	FUN_0042dbd0_ObjCallUnk	ghidra
0042dce0	FUN_0042dce0_Xor_Stub	FUN_0042dce0_Xor_Stub	ghidra
0042dcf0	FUN_0042dcf0_Object_unk	FUN_0042dcf0_Object_unk	ghidra
0042dd10	FUN_0042dd10_Object_unk	FUN_0042dd10_Object_unk	ghidra
0042dd40	FUN_0042dd40_Object_unk	FUN_0042dd40_Object_unk	ghidra
0042dd70	FUN_0042dd70_Object_unk	FUN_0042dd70_Object_unk	ghidra
0042dda0	FUN_0042dda0_Object_unk	FUN_0042dda0_Object_unk	ghidra
0042ddd0	FUN_0042ddd0_Object_unk	FUN_0042ddd0_Object_unk	ghidra
0042de00	FUN_0042de00_ObjCallUnk	FUN_0042de00_ObjCallUnk	ghidra
0042de30	FUN_0042de30_ObjCallUnk	FUN_0042de30_ObjCallUnk	ghidra
0042de50	FUN_0042de50_ObjCallUnk	FUN_0042de50_ObjCallUnk	ghidra
0042de80	FUN_0042de80_ObjCallUnk	FUN_0042de80_ObjCallUnk	ghidra
0042deb0	FUN_0042deb0_ObjCallUnk	FUN_0042deb0_ObjCallUnk	ghidra
0042dee0	FUN_0042dee0_ObjCallUnk	FUN_0042dee0_ObjCallUnk	ghidra
0042df10	FUN_0042df10_ObjCallUnk	FUN_0042df10_ObjCallUnk	ghidra
0042df40	FUN_0042df40_RemoveTile	FUN_0042df40_RemoveTile	ghidra
0042df80	FUN_0042df80_ObjCallUnk	FUN_0042df80_ObjCallUnk	ghidra
0042e040	FUN_0042e040_gOb_GexFuncUnk	FUN_0042e040_gOb_GexFuncUnk	ghidra
0042e110	FUN_0042e110_JumpVelocityUnk	FUN_0042e110_JumpVelocityUnk	ghidra
0042e1e0	FUN_0042e1e0_ObjCallUnk	FUN_0042e1e0_ObjCallUnk	ghidra
0042e2b0	ob92Draw_0042e2b0	ob92Draw_0042e2b0	ghidra
0042e480	EFECT_AddPuff_0042e480	EFECT_AddPuff_0042e480	ghidra
0042e550	FUN_0042e550_Ret	FUN_0042e550_Ret	ghidra
0042e560	FUN_0042e560_Ret	FUN_0042e560_Ret	ghidra
0042e570	FUN_0042e570_Ret	FUN_0042e570_Ret	ghidra
0042e580	FUN_0042e580_Ret	FUN_0042e580_Ret	ghidra
0042e590	FUN_0042e590_Ret	FUN_0042e590_Ret	ghidra
0042e5a0	FUN_0042e5a0_Ret	FUN_0042e5a0_Ret	ghidra
0042e5b0	FUN_0042e5b0_Ret	FUN_0042e5b0_Ret	ghidra
0042e5c0	FUN_0042e5c0_Ret	FUN_0042e5c0_Ret	ghidra
0042e5d0	FUN_0042e5d0_Ret	FUN_0042e5d0_Ret	ghidra
0042e5e0	FUN_0042e5e0	FUN_0042e5e0	ghidra
0042e660	FUN_0042e660	FUN_0042e660	ghidra
0042e720	FUN_0042e720_GraphicsUnk	FUN_0042e720_GraphicsUnk	ghidra
0042e750	FUN_0042e750_GraphicsUnk	FUN_0042e750_GraphicsUnk	ghidra
0042e780	FUN_0042e780	FUN_0042e780	ghidra
0042e850	FUN_0042e850	FUN_0042e850	ghidra
0042e8b0	FUN_0042e8b0_Call_Event_call	FUN_0042e8b0_Call_Event_call	ghidra
0042e930	FUN_0042e930_GRAPHICSDRAWING_SetCamera	FUN_0042e930_GRAPHICSDRAWING_SetCamera	ghidra
0042ea10	FUN_0042ea10	FUN_0042ea10	ghidra
0042f5f0	FUN_0042f5f0	FUN_0042f5f0	ghidra
0042f6e0	FUN_0042f6e0	FUN_0042f6e0	ghidra
0042f720	FUN_0042f720	FUN_0042f720	ghidra
0042f7e0	FUN_0042f7e0	FUN_0042f7e0	ghidra
0042f800	FUN_0042f800	FUN_0042f800	ghidra
0042f860	FUN_0042f860	FUN_0042f860	ghidra
0042ff10	ob229Init_0042ff10	ob229Init_0042ff10	ghidra
00430060	FUN_00430060_MovePos	FUN_00430060_MovePos	ghidra
00430090	ob229DoIt_00430090	ob229DoIt_00430090	ghidra
004308d0	ob229Draw_004308d0	ob229Draw_004308d0	ghidra
00430990	FUN_00430990	FUN_00430990	ghidra
00430b40	FUN_00430b40	FUN_00430b40	ghidra
00430c50	ob229Clid_00430c50	ob229Clid_00430c50	ghidra
00430d70	ob230Draw_00430d70	ob230Draw_00430d70	ghidra
00430de0	ob231Init_00430de0	ob231Init_00430de0	ghidra
00430e20	ob231DoIt_00430e20	ob231DoIt_00430e20	ghidra
00430ea0	ob231Draw_00430ea0	ob231Draw_00430ea0	ghidra
00430f20	ob232DoIt_00430f20	ob232DoIt_00430f20	ghidra
00431220	ob232Draw_00431220	ob232Draw_00431220	ghidra
00431280	FUN_00431280	FUN_00431280	ghidra
00431300	FUN_00431300	FUN_00431300	ghidra
004313d0	ob234Init_004313d0	ob234Init_004313d0	ghidra
00431470	ob234DoIt_00431470	ob234DoIt_00431470	ghidra
00431640	ob234Clid_00431640	ob234Clid_00431640	ghidra
004316d0	ob240Init_004316d0	ob240Init_004316d0	ghidra
004316e0	ob240DoIt_004316e0	ob240DoIt_004316e0	ghidra
004316f0	ob240Draw_004316f0	ob240Draw_004316f0	ghidra
00431700	FUN_00431700_Ret	FUN_00431700_Ret	ghidra
00431710	FUN_00431710_Ret	FUN_00431710_Ret	ghidra
00431720	FUN_00431720_Ret	FUN_00431720_Ret	ghidra
00431730	FUN_00431730	FUN_00431730	ghidra
004317b0	FUN_004317b0_prev_gOb	FUN_004317b0_prev_gOb	ghidra
004317e0	GOB_ResetPos_004317e0	GOB_ResetPos_004317e0	ghidra
00431820	(no Ghidra entry)	FUN_00431820	fallback
00431830	FUN_00431830	FUN_00431830	ghidra
00431900	FUN_00431900_Movement_unk	FUN_00431900_Movement_unk	ghidra
00431990	FUN_00431990	FUN_00431990	ghidra
00431dc0	ob93Init_00431dc0	ob93Init_00431dc0	ghidra
00431e00	ob93DoIt_00431e00	ob93DoIt_00431e00	ghidra
00431f90	ob93Draw_00431f90	ob93Draw_00431f90	ghidra
00431fa0	FUN_00431fa0	FUN_00431fa0	ghidra
004322a0	FUN_004322a0	FUN_004322a0	ghidra
004322b0	FUN_004322b0	FUN_004322b0	ghidra
00432390	ob93Clid_00432390	ob93Clid_00432390	ghidra
00432650	ob94Init_00432650	ob94Init_00432650	ghidra
00432680	ob94DoIt_00432680	ob94DoIt_00432680	ghidra
004327e0	ob94Draw_004327e0	ob94Draw_004327e0	ghidra
004327f0	FUN_004327F0	FUN_004327F0	ghidra
00432930	FUN_00432930_next_gOb	FUN_00432930_next_gOb	ghidra
004329f0	ob94Clid_004329f0	ob94Clid_004329f0	ghidra
00432a70	ob95Init_00432a70	ob95Init_00432a70	ghidra
00432ab0	ob95DoIt_00432ab0	ob95DoIt_00432ab0	ghidra
00432c80	ob95Draw_00432c80	ob95Draw_00432c80	ghidra
00432c90	FUN_00432c90_find_gOb_Unk	FUN_00432c90_find_gOb_Unk	ghidra
00432d10	FUN_00432d10	FUN_00432d10	ghidra
00432d40	FUN_00432d40	FUN_00432d40	ghidra
00432e60	FUN_00432e60	FUN_00432e60	ghidra
00432f30	FUN_00432f30_Event_unk	FUN_00432f30_Event_unk	ghidra
00432f40	FUN_00432f40	FUN_00432f40	ghidra
00432fa0	FUN_00432fa0_Event_unk	FUN_00432fa0_Event_unk	ghidra
00433070	FUN_00433070	FUN_00433070	ghidra
004330c0	FUN_004330c0	FUN_004330c0	ghidra
00433140	FUN_00433140	FUN_00433140	ghidra
00433170	ob95Clid_00433170	ob95Clid_00433170	ghidra
00433370	FUN_00433370_Stub	FUN_00433370_Stub	ghidra
00433380	ob369Init_00433380	ob369Init_00433380	ghidra
004333c0	ob369DoIt_004333c0	ob369DoIt_004333c0	ghidra
004334c0	ob369Draw_004334c0	ob369Draw_004334c0	ghidra
00433520	ob369Clid_00433520	ob369Clid_00433520	ghidra
00433590	SCRIPT_DoEvent_00433590	SCRIPT_DoEvent_00433590	ghidra
004335f0	DefInit_004335f0	DefInit_004335f0	ghidra
00433670	EnemyInit_00433670	EnemyInit_00433670	ghidra
00433690	DefHit_00433690	DefHit_00433690	ghidra
004338d0	EnemyClid_004338d0	EnemyClid_004338d0	ghidra
00433900	GOB_ProcessEvents_00433900	GOB_ProcessEvents_00433900	ghidra
004339c0	DefDoIt_004339c0	DefDoIt_004339c0	ghidra
00433a70	EnemyDoIt_00433a70	EnemyDoIt_00433a70	ghidra
00433e60	ExitTVDraw_00433e60	ExitTVDraw_00433e60	ghidra
00433ec0	FUN_00433ec0	FUN_00433ec0	ghidra
00434080	KFBossDraw_00434080	KFBossDraw_00434080	ghidra
00434190	FUN_00434190	FUN_00434190	ghidra
00434260	FUN_00434260	FUN_00434260	ghidra
004344a0	FUN_004344a0	FUN_004344a0	ghidra
004344b0	FUN_004344b0_X_Y_Movement	FUN_004344b0_X_Y_Movement	ghidra
004344d0	FUN_004344d0	FUN_004344d0	ghidra
00434540	FUN_00434540_Stub	FUN_00434540_Stub	ghidra
00434550	FUN_00434550	FUN_00434550	ghidra
00434570	PlatformDoIt_00434570	PlatformDoIt_00434570	ghidra
00434670	PlatformDraw_00434670	PlatformDraw_00434670	ghidra
00434a20	EnemyInitPath_00434a20	EnemyInitPath_00434a20	ghidra
00434a50	FUN_00434a50_GAMEFUNC	FUN_00434a50_GAMEFUNC	ghidra
00434a60	FUN_00434a60	FUN_00434a60	ghidra
00434ad0	FUN_00434ad0	FUN_00434ad0	ghidra
004355d0	CLID_GenericPlat_004355d0	CLID_GenericPlat_004355d0	ghidra
004356e0	ob2Clid_004356e0	ob2Clid_004356e0	ghidra
00435760	ob2DoIt_00435760	ob2DoIt_00435760	ghidra
00435980	ob2Draw_00435980	ob2Draw_00435980	ghidra
00435a10	FUN_00435a10	FUN_00435a10	ghidra
00435ab0	ob2Init_00435ab0	ob2Init_00435ab0	ghidra
00435b90	CollectibleInit_00435b90	CollectibleInit_00435b90	ghidra
00435ba0	CollectibleDoIt_00435ba0	CollectibleDoIt_00435ba0	ghidra
00435cb0	CollectibleDraw_00435cb0	CollectibleDraw_00435cb0	ghidra
00435cc0	CollectibleClid_00435cc0	CollectibleClid_00435cc0	ghidra
00435d90	GOB_RunScript_00435d90	GOB_RunScript_00435d90	ghidra
00436c90	SCRIPT_ExitScriptError_00436c90	SCRIPT_ExitScriptError_00436c90	ghidra
00436cb0	FUN_00436cb0_Graphics_unk	FUN_00436cb0_Graphics_unk	ghidra
00436cf0	RezInit_00436cf0	RezInit_00436cf0	ghidra
00436d50	RezInDraw2_00436d50	RezInDraw2_00436d50	ghidra
00436ed0	RezInDraw_00436ed0	RezInDraw_00436ed0	ghidra
00437010	RezOutDraw2_00437010	RezOutDraw2_00437010	ghidra
00437170	RezOutDraw_00437170	RezOutDraw_00437170	ghidra
004372f0	RezInObject_004372f0	RezInObject_004372f0	ghidra
00437310	RezOutObject_00437310	RezOutObject_00437310	ghidra
00437330	RezOutAll_00437330	RezOutAll_00437330	ghidra
004373c0	FUN_004373c0_KFInner	FUN_004373c0_KFInner	ghidra
004374a0	FUN_004374a0	FUN_004374a0	ghidra
00437500	FUN_00437500_KFBossStateInner	FUN_00437500_KFBossStateInner	ghidra
00437790	FUN_00437790_KFBossStateInner	FUN_00437790_KFBossStateInner	ghidra
004379d0	FUN_004379d0_KFBossStateInner_MoveGex	FUN_004379d0_KFBossStateInner_MoveGex	ghidra
00437b20	FUN_00437b20_DamageToGex	FUN_00437b20_DamageToGex	ghidra
00437b70	FUN_00437b70_KFBossState	FUN_00437b70_KFBossState	ghidra
00437e50	FUN_00437e50	FUN_00437e50	ghidra
00437e90	ASYNC_LoadFileToMem_00437e90	ASYNC_LoadFileToMem_00437e90	ghidra
00437f00	(no Ghidra entry)	FUN_00437f00	fallback
00437f10	ASYNC_DoneLoading_00437f10	ASYNC_DoneLoading_00437f10	ghidra
00437f40	FUN_00437f40	FUN_00437f40	ghidra
00438470	FUN_00438470_MoveGuillotine	FUN_00438470_MoveGuillotine	ghidra
00438980	event_gxhit_00438980	event_gxhit_00438980	ghidra
00438990	event_hitgx_00438990	event_hitgx_00438990	ghidra
004389a0	event_hitPlat_004389a0	event_hitPlat_004389a0	ghidra
004389b0	event_hitright_004389b0	event_hitright_004389b0	ghidra
00438a00	event_hitleft_00438a00	event_hitleft_00438a00	ghidra
00438a50	event_hitground_00438a50	event_hitground_00438a50	ghidra
00438aa0	event_hit45up_00438aa0	event_hit45up_00438aa0	ghidra
00438af0	event_hit45down_00438af0	event_hit45down_00438af0	ghidra
00438b40	event_ledgeright_00438b40	event_ledgeright_00438b40	ghidra
00438b90	event_ledgeleft_00438b90	event_ledgeleft_00438b90	ghidra
00438be0	event_45right_00438be0	event_45right_00438be0	ghidra
00438c30	event_45left_00438c30	event_45left_00438c30	ghidra
00438c80	event_pCall_00438c80	event_pCall_00438c80	ghidra
00438cd0	event_hitCeiling_00438cd0	event_hitCeiling_00438cd0	ghidra
00438d20	event_topWall_00438d20	event_topWall_00438d20	ghidra
00438d70	event_gotSpit_00438d70	event_gotSpit_00438d70	ghidra
00438dc0	event_endPath_00438dc0	event_endPath_00438dc0	ghidra
00438e20	event_whacked_00438e20	event_whacked_00438e20	ghidra
00438e30	event_hitMonster_00438e30	event_hitMonster_00438e30	ghidra
00438e40	event_hitContour_00438e40	event_hitContour_00438e40	ghidra
00438ea0	event_contourGone_00438ea0	event_contourGone_00438ea0	ghidra
00438f00	event_flamed_00438f00	event_flamed_00438f00	ghidra
00438f60	event_buttonpressed_00438f60	event_buttonpressed_00438f60	ghidra
00438fe0	event_voicefinished_00438fe0	event_voicefinished_00438fe0	ghidra
00439020	event_wallBreak_00439020	event_wallBreak_00439020	ghidra
00439080	event_removed_00439080	event_removed_00439080	ghidra
00439090	GOB_ProcessXPositionChange_00439090	GOB_ProcessXPositionChange_00439090	ghidra
004390d0	GOB_ProcessYPositionChange_004390d0	GOB_ProcessYPositionChange_004390d0	ghidra
00439110	FUN_00439110	FUN_00439110	ghidra
00439130	FUN_00439130_KFInner	FUN_00439130_KFInner	ghidra
00439170	FUN_00439170	FUN_00439170	ghidra
00439190	FUN_00439190_KFInner	FUN_00439190_KFInner	ghidra
004391b0	FUN_004391b0_HuntDiveInner	FUN_004391b0_HuntDiveInner	ghidra
004391d0	FUN_004391d0_HuntDiveInner	FUN_004391d0_HuntDiveInner	ghidra
00439390	FUN_00439390_HuntDiveInner	FUN_00439390_HuntDiveInner	ghidra
00439460	FUN_00439460_HuntDiveInner	FUN_00439460_HuntDiveInner	ghidra
004394b0	FUN_004394b0_HuntDiveInner_Music	FUN_004394b0_HuntDiveInner_Music	ghidra
004395b0	FUN_004395b0_HuntDiveInner	FUN_004395b0_HuntDiveInner	ghidra
00439640	FUN_00439640_HuntDiveInner	FUN_00439640_HuntDiveInner	ghidra
004397c0	FUN_004397c0_HuntDiveInner	FUN_004397c0_HuntDiveInner	ghidra
0043a160	FUN_0043a160	FUN_0043a160	ghidra
0043a1f0	FUN_0043A1F0	FUN_0043A1F0	ghidra
0043a240	ob315Init_0043a240	ob315Init_0043a240	ghidra
0043a410	ob315DoIt_0043a410	ob315DoIt_0043a410	ghidra
0043a780	ob315Draw_0043a780	ob315Draw_0043a780	ghidra
0043a7c0	ob315Clid_0043a7c0	ob315Clid_0043a7c0	ghidra
0043a840	FUN_0043a840	FUN_0043a840	ghidra
0043a870	ob371Init_0043a870	ob371Init_0043a870	ghidra
0043a910	ob371DoIt_0043a910	ob371DoIt_0043a910	ghidra
0043aa40	ob371Draw_0043aa40	ob371Draw_0043aa40	ghidra
0043abc0	ob371Clid_0043abc0	ob371Clid_0043abc0	ghidra
0043abe0	FUN_0043ABE0	FUN_0043ABE0	ghidra
0043ac10	FUN_0043ac10_ResetTotalHit	FUN_0043ac10_ResetTotalHit	ghidra
0043ac60	FUN_0043ac60_GameFuncUnk	FUN_0043ac60_GameFuncUnk	ghidra
0043acb0	FUN_0043acb0_Ret	FUN_0043acb0_Ret	ghidra
0043acc0	FUN_0043acc0_Ret	FUN_0043acc0_Ret	ghidra
0043acd0	FUN_0043acd0_GameFuncUnk	FUN_0043acd0_GameFuncUnk	ghidra
0043ad00	FUN_0043ad00_OBJECTFUNCTION	FUN_0043ad00_OBJECTFUNCTION	ghidra
0043ae10	FUN_0043ae10_Ret	FUN_0043ae10_Ret	ghidra
0043ae20	FUN_0043ae20_GameFuncUnk	FUN_0043ae20_GameFuncUnk	ghidra
0043ae70	FUN_0043ae70_Ret	FUN_0043ae70_Ret	ghidra
0043ae80	FUN_0043ae80_Ret	FUN_0043ae80_Ret	ghidra
0043ae90	FUN_0043ae90_GameFuncUnk	FUN_0043ae90_GameFuncUnk	ghidra
0043af00	FUN_0043af00_GRAPHICSDRAWING	FUN_0043af00_GRAPHICSDRAWING	ghidra
0043b050	FUN_0043b050_Ret	FUN_0043b050_Ret	ghidra
0043b060	FUN_0043b060_Ret	FUN_0043b060_Ret	ghidra
0043b070	FUN_0043b070_Ret	FUN_0043b070_Ret	ghidra
0043b080	FUN_0043b080_Ret	FUN_0043b080_Ret	ghidra
0043b090	FUN_0043b090_GameFuncUnk	FUN_0043b090_GameFuncUnk	ghidra
0043b0c0	FUN_0043b0c0_GRAPHICSDRAWING	FUN_0043b0c0_GRAPHICSDRAWING	ghidra
0043b210	FUN_0043b210_GameFuncUnk	FUN_0043b210_GameFuncUnk	ghidra
0043b280	ob271Init_0043b280	ob271Init_0043b280	ghidra
0043b2d0	ob271DoIt_0043b2d0	ob271DoIt_0043b2d0	ghidra
0043b2e0	ob271Clid_0043b2e0	ob271Clid_0043b2e0	ghidra
0043b370	ob271Draw_0043b370	ob271Draw_0043b370	ghidra
0043b3c0	ob258Init_0043b3c0	ob258Init_0043b3c0	ghidra
0043b510	FUN_0043b510_Call_Events_GT9	FUN_0043b510_Call_Events_GT9	ghidra
0043b550	FUN_0043b550_GameFuncUnk	FUN_0043b550_GameFuncUnk	ghidra
0043b570	FUN_0043b570_CallsGameFunctions2	FUN_0043b570_CallsGameFunctions2	ghidra
0043b630	ob258DoIt_0043b630	ob258DoIt_0043b630	ghidra
0043b890	ob258Draw_0043b890	ob258Draw_0043b890	ghidra
0043b900	ob258Clid_0043b900	ob258Clid_0043b900	ghidra
0043b920	ob259Init_0043b920	ob259Init_0043b920	ghidra
0043b9e0	ob259DoIt_0043b9e0	ob259DoIt_0043b9e0	ghidra
0043bb70	ob259Draw_0043bb70	ob259Draw_0043bb70	ghidra
0043bba0	ob261Init_0043bba0	ob261Init_0043bba0	ghidra
0043cbd0	ob261Clid_0043cbd0	ob261Clid_0043cbd0	ghidra
0043cca0	ob1Init_0043cca0	ob1Init_0043cca0	ghidra
0043cd00	ob1DoIt_0043cd00	ob1DoIt_0043cd00	ghidra
0043cde0	ob1Draw_0043cde0	ob1Draw_0043cde0	ghidra
0043ce10	ob1Clid_0043ce10	ob1Clid_0043ce10	ghidra
0043ce20	ob89Init_0043ce20	ob89Init_0043ce20	ghidra
0043ce90	ob89DoIt_0043ce90	ob89DoIt_0043ce90	ghidra
0043cfb0	ob89Draw_0043cfb0	ob89Draw_0043cfb0	ghidra
0043cfc0	ob89Clid_0043cfc0	ob89Clid_0043cfc0	ghidra
0043cfe0	ob90Init_0043cfe0	ob90Init_0043cfe0	ghidra
0043d050	ob90DoIt_0043d050	ob90DoIt_0043d050	ghidra
0043d160	ob90Draw_0043d160	ob90Draw_0043d160	ghidra
0043d170	ob90Clid_0043d170	ob90Clid_0043d170	ghidra
0043d1e0	ob120Init_0043d1e0	ob120Init_0043d1e0	ghidra
0043d230	ob120DoIt_0043d230	ob120DoIt_0043d230	ghidra
0043d320	ob120Draw_0043d320	ob120Draw_0043d320	ghidra
0043d330	ob120Clid_0043d330	ob120Clid_0043d330	ghidra
0043d350	ob121Init_0043d350	ob121Init_0043d350	ghidra
0043d3e0	ob121DoIt_0043d3e0	ob121DoIt_0043d3e0	ghidra
0043d4f0	ob121Draw_0043d4f0	ob121Draw_0043d4f0	ghidra
0043d500	ob121Clid_0043d500	ob121Clid_0043d500	ghidra
0043d570	ob115Init_0043d570	ob115Init_0043d570	ghidra
0043d630	ob218DoIt_0043d630	ob218DoIt_0043d630	ghidra
0043dad0	ob218Init_0043dad0	ob218Init_0043dad0	ghidra
0043daf0	DRAW_Init_0043daf0	DRAW_Init_0043daf0	ghidra
0043db50	FUN_0043db50_UpdateGraphicsState	FUN_0043db50_UpdateGraphicsState	ghidra
0043db70	CEL_DrawCels_0043db70	CEL_DrawCels_0043db70	ghidra
0043dc70	FUN_0043dc70_Graphics	FUN_0043dc70_Graphics	ghidra
0043e2c0	FUN_0043e2c0	FUN_0043e2c0	ghidra
0043e350	DRAW_CacheInit_0043e350	DRAW_CacheInit_0043e350	ghidra
0043e430	DRAW_CacheClear_0043e430	DRAW_CacheClear_0043e430	ghidra
0043e580	FUN_0043e580_Image_Clean1	FUN_0043e580_Image_Clean1	ghidra
0043e730	IMG_Unpack_0043e730	IMG_Unpack_0043e730	ghidra
0043e800	FUN_0043e800_ProcessTileData	FUN_0043e800_ProcessTileData	ghidra
0043e920	FUN_0043e920_Image	FUN_0043e920_Image	ghidra
0043eb50	FUN_0043eb50_LoadTilePoss	FUN_0043eb50_LoadTilePoss	ghidra
0043ec20	FUN_0043ec20_TileLoadinPoss	FUN_0043ec20_TileLoadinPoss	ghidra
0043ecf0	FUN_0043ecf0_SelectTile_Clean1	FUN_0043ecf0_SelectTile_Clean1	ghidra
0043ee60	FUN_0043ee60	FUN_0043ee60	ghidra
0043eea0	FUN_0043eea0	FUN_0043eea0	ghidra
0043eed0	FUN_0043eed0_TvStatic	FUN_0043eed0_TvStatic	ghidra
0043ef30	GFX_Init_0043ef30	GFX_Init_0043ef30	ghidra
0043f000	GFX_OpenGraphics_0043f000	GFX_OpenGraphics_0043f000	ghidra
0043f050	GFX_CloseGraphics_0043f050	GFX_CloseGraphics_0043f050	ghidra
0043f070	(no Ghidra entry)	FUN_0043f070	fallback
0043f080	FUN_0043f080_ResetGraphics_Clean1	FUN_0043f080_ResetGraphics_Clean1	ghidra
0043f290	FUN_0043f290_DrawWindowAlways	FUN_0043f290_DrawWindowAlways	ghidra
0043f2d0	FUN_0043f2d0_CheckF3ForUnpauseGameDrawWindow	FUN_0043f2d0_CheckF3ForUnpauseGameDrawWindow	ghidra
0043f2f0	GFX_Init_0043f2f0	GFX_Init_0043f2f0	ghidra
0043f310	FUN_0043f310_InitializeGraphicsVariables	FUN_0043f310_InitializeGraphicsVariables	ghidra
0043f450	FUN_0043f450_Unk	FUN_0043f450_Unk	ghidra
0043f490	GFX_Fade_0043f490	GFX_Fade_0043f490	ghidra
0043f580	PAL_WaitForFade_0043f580	PAL_WaitForFade_0043f580	ghidra
0043f700	TXT_LoadFont_0043f700	TXT_LoadFont_0043f700	ghidra
0043f7d0	TXT_UnloadFont_0043f7d0	TXT_UnloadFont_0043f7d0	ghidra
0043f7f0	TXT_DrawPrint_0043f7f0	TXT_DrawPrint_0043f7f0	ghidra
0043fa70	TXT_DrawPrintP_0043fa70	TXT_DrawPrintP_0043fa70	ghidra
0043faa0	TXT_DrawPrintFP_0043faa0	TXT_DrawPrintFP_0043faa0	ghidra
0043fae0	TXT_PixelLength_0043fae0	TXT_PixelLength_0043fae0	ghidra
0043fb40	RM_DrawTiles_0043fb40	RM_DrawTiles_0043fb40	ghidra
00440430	FUN_00440430_CheckWallCollisionInner	FUN_00440430_CheckWallCollisionInner	ghidra
004404b0	FUN_004404b0	FUN_004404b0	ghidra
00440510	RM_LinkLoPriCels_00440510	RM_LinkLoPriCels_00440510	ghidra
00440560	RM_LinkHiPriCels_00440560	RM_LinkHiPriCels_00440560	ghidra
004405b0	RM_LoadTextures_004405b0	RM_LoadTextures_004405b0	ghidra
00440750	RM_ExtraResolve_00440750	RM_ExtraResolve_00440750	ghidra
00440830	GFX_FreeImageCache_00440830	GFX_FreeImageCache_00440830	ghidra
00440850	FUN_00440850_GameOver	FUN_00440850_GameOver	ghidra
00440930	FUN_00440930_ContainsInput_POSSMAINGAMELOOP	FUN_00440930_ContainsInput_POSSMAINGAMELOOP	ghidra
00440cb0	FUN_00440cb0_DrawBackgroundInnerInner	FUN_00440cb0_DrawBackgroundInnerInner	ghidra
00440e70	GOB_LoadTextures_00440e70	GOB_LoadTextures_00440e70	ghidra
00441010	GOB_ExtraResolve_00441010	GOB_ExtraResolve_00441010	ghidra
00441110	OBT_FreeObjectTextureMaps_00441110	OBT_FreeObjectTextureMaps_00441110	ghidra
00441130	FUN_00441130_VideoTiles	FUN_00441130_VideoTiles	ghidra
00441150	GOB_DisplayObjectScaleAndRotate_00441150	GOB_DisplayObjectScaleAndRotate_00441150	ghidra
00442de0	FUN_00442de0_GraphicsFlashingInner	FUN_00442de0_GraphicsFlashingInner	ghidra
00442e50	FUN_00442e50_GraphicsFlashingInner2	FUN_00442e50_GraphicsFlashingInner2	ghidra
00444410	RezzifyPLUT_00444410	RezzifyPLUT_00444410	ghidra
00444530	GOB_RezzifyObject_00444530	GOB_RezzifyObject_00444530	ghidra
00444590	GOB_DisplayObject_00444590	GOB_DisplayObject_00444590	ghidra
00444800	FUN_00444800_Tiles	FUN_00444800_Tiles	ghidra
00444930	vsprintf_00444930	vsprintf_00444930	ghidra
00444bf0	FUN_00444bf0_sprintfInner	FUN_00444bf0_sprintfInner	ghidra
00444c90	FUN_00444c90_InitTiles_TrueMaybe	FUN_00444c90_InitTiles_TrueMaybe	ghidra
00444d10	FUN_00444d10_GFX_OpenGraphics	FUN_00444d10_GFX_OpenGraphics	ghidra
00445140	FUN_00445140_InnerGraphics	FUN_00445140_InnerGraphics	ghidra
00445170	FUN_00445170_Xor_Stub	FUN_00445170_Xor_Stub	ghidra
00445180	FUN_00445180_CacheInitInner_takes_x_and_y	FUN_00445180_CacheInitInner_takes_x_and_y	ghidra
004451a0	FUN_004451a0_GFXInit4	FUN_004451a0_GFXInit4	ghidra
004451e0	FUN_004451e0_LEV_SetUpDrawCacheWithFileData	FUN_004451e0_LEV_SetUpDrawCacheWithFileData	ghidra
00445240	FUN_00445240_DrawWindowAlways	FUN_00445240_DrawWindowAlways	ghidra
00445270	FUN_00445270_ReturnGFXParam	FUN_00445270_ReturnGFXParam	ghidra
00445280	FUN_00445280_GFXInit2	FUN_00445280_GFXInit2	ghidra
004452d0	FUN_004452d0_GFXInit3	FUN_004452d0_GFXInit3	ghidra
00445340	GFX_SetGraphicsInited_00445340	GFX_SetGraphicsInited_00445340	ghidra
00445350	FUN_00445350_CalculateTileOffset_Clean1	FUN_00445350_CalculateTileOffset_Clean1	ghidra
00445380	FUN_00445380_GFXInit1	FUN_00445380_GFXInit1	ghidra
00445390	FUN_00445390_DrawTilesInner1	FUN_00445390_DrawTilesInner1	ghidra
004457b0	FUN_004457b0_DrawTilesInner2	FUN_004457b0_DrawTilesInner2	ghidra
004459e0	FUN_004459e0_DrawTilesInner3	FUN_004459e0_DrawTilesInner3	ghidra
004461c0	FUN_004461c0_DrawTilesInner5	FUN_004461c0_DrawTilesInner5	ghidra
00446430	FUN_00446430_DrawTilesInner6	FUN_00446430_DrawTilesInner6	ghidra
004466a0	FUN_004466a0_DrawBoxBehindText	FUN_004466a0_DrawBoxBehindText	ghidra
00447680	FUN_00447680_InnerGraphicsTiles2_Tiles2	FUN_00447680_InnerGraphicsTiles2_Tiles2	ghidra
00448560	FUN_00448560_InnerGraphicsTiles3_Tiles3	FUN_00448560_InnerGraphicsTiles3_Tiles3	ghidra
00449500	FUN_00449500_InnerGraphicsTiles1_Tiles1	FUN_00449500_InnerGraphicsTiles1_Tiles1	ghidra
00449750	__cinit	__cinit	ghidra
00449780	_exit	_exit_00449780	ghidra,crt-collision
004497a0	__exit	__exit	ghidra
004497c0	_doexit	_doexit	ghidra
00449870	__initterm	__initterm	ghidra
00449990	FUN_00449990_Registry2	FUN_00449990_Registry2	ghidra
00449a70	__fpmath	__fpmath	ghidra
00449a90	FUN_00449A90	FUN_00449A90	ghidra
00449aa0	FUN_00449aa0_fpMathInner	FUN_00449aa0_fpMathInner	ghidra
00449d70	__amsg_exit	__amsg_exit	ghidra
00449e10	_rand	_rand	ghidra
0044a0a0	__setdefaultprecision	__setdefaultprecision	ghidra
0044a140	FUN_0044a140_fpMathInnerInner	FUN_0044a140_fpMathInnerInner	ghidra
0044a1b0	FUN_0044a1b0_fpMathInnerInner	FUN_0044a1b0_fpMathInnerInner	ghidra
0044a210	FUN_0044a210_fpMathInnerInner	FUN_0044a210_fpMathInnerInner	ghidra
0044a230	FUN_0044a230_fpMathInnerInner	FUN_0044a230_fpMathInnerInner	ghidra
0044a280	__cftoe	__cftoe	ghidra
0044a3c0	__cftof	__cftof	ghidra
0044a4c0	__cftog	__cftog	ghidra
0044a5d0	FUN_0044a5d0_fpMathInnerInner	FUN_0044a5d0_fpMathInnerInner	ghidra
0044a9a2	FUN_0044a9a2	FUN_0044a9a2	ghidra
0044ab50	__ismbblead	__ismbblead	ghidra
0044ab70	_x_ismbbtype	_x_ismbbtype	ghidra
0044b370	___initmbctable	___initmbctable	ghidra
0044c490	_get_int_arg	_get_int_arg	ghidra
0044c4a0	_get_int64_arg	_get_int64_arg	ghidra
0044c4c0	_get_short_arg	_get_short_arg	ghidra
0044c5c0	FUN_0044C5C0	FUN_0044C5C0	ghidra
0044c690	FUN_0044C690	FUN_0044C690	ghidra
0044c6b0	__ZeroTail	__ZeroTail	ghidra
0044c840	__CopyMan	__CopyMan	ghidra
0044c860	__FillZeroMan	__FillZeroMan	ghidra
0044c870	__IsZeroMan	__IsZeroMan	ghidra
0044c890	__ShrMan	__ShrMan	ghidra
0044cb10	__ld12tod	__ld12tod	ghidra
0044cb30	__ld12tof	__ld12tof	ghidra
0044cb50	__atodbl	__atodbl_0044cb50	ghidra,duplicate
0044cb90	__atodbl	__atodbl_0044cb90	ghidra,duplicate
0044d4a0	__controlfp	__controlfp	ghidra
0044d4c0	__abstract_cw	__abstract_cw	ghidra
0044d570	__hw_cw	__hw_cw	ghidra
0044d600	FUN_0044d600_printfInner	FUN_0044d600_printfInner	ghidra
0044d6a0	__fltout	__fltout	ghidra
0044d710	___dtold	___dtold	ghidra
0044d970	_malloc	_malloc	ghidra
0044e7e0	FUN_0044e7e0	FUN_0044e7e0	ghidra
0044e7f0	_flsall	_flsall	ghidra
0044e9a0	___addl	___addl	ghidra
0044ea40	___shl_12	___shl_12	ghidra
0044ea80	___shr_12	___shr_12	ghidra
0044f280	__callnewh	__callnewh	ghidra
